2,2008-12-31 23:11:48,2009-01-01 01:45:44,2
2,2009-01-01 00:02:55,2009-01-01 17:20:58,3
2,2019-05-31 23:43:38,2019-05-31 23:51:09,12
2,2019-06-01 00:20:06,2019-06-01 00:32:46,121
1,2019-06-01 00:24:26,2019-06-01 01:37:35,33
1,2019-06-01 01:18:33,2019-06-01 02:07:02,28
2,2019-06-01 01:15:18,2019-06-01 02:24:18,63
2,2019-06-01 02:07:28,2019-06-01 02:56:42,25
1,2019-06-01 02:26:22,2019-06-01 02:57:51,2
2,2019-06-01 03:49:48,2019-06-01 03:38:52,12
1,2019-06-01 03:32:45,2019-06-01 03:58:58,3
2,2019-06-01 04:31:42,2019-06-01 05:06:27,39
1,2019-06-01 04:12:48,2019-06-01 05:25:03,12
2,2019-06-01 05:36:46,2019-06-01 06:25:18,112
1,2019-06-01 05:00:23,2019-06-01 06:34:16,41
2,2019-06-01 06:35:58,2019-06-01 07:35:30,170
1,2019-06-01 06:28:56,2019-06-01 07:10:31,40
1,2019-06-01 07:20:37,2019-06-01 07:31:16,41
2,2019-06-01 07:52:17,2019-06-01 07:55:53,143
2,2019-06-01 08:12:07,2019-06-01 09:33:14,90
1,2019-06-01 08:36:09,2019-06-01 09:42:38,30
2,2019-06-01 09:00:02,2019-06-01 10:28:16,77
1,2019-06-01 09:41:11,2019-06-01 09:33:16,32
2,2019-06-01 10:28:06,2019-06-01 11:49:38,129
1,2019-06-01 10:11:00,2019-06-01 10:37:15,27
2,2019-06-01 11:40:21,2019-06-01 12:37:26,166
1,2019-06-01 11:10:46,2019-06-01 12:44:28,59
1,2019-06-01 12:16:24,2019-06-01 13:36:20,69
2,2019-06-01 12:49:35,2019-06-01 13:38:52,222
1,2019-06-01 13:10:53,2019-06-01 14:08:24,97
2,2019-06-01 13:11:54,2019-06-01 14:45:34,318
2,2019-06-01 14:39:53,2019-06-01 16:04:51,342
1,2019-06-01 14:33:08,2019-06-01 15:13:34,125
2,2019-06-01 15:01:23,2019-06-01 16:37:52,365
1,2019-06-01 15:56:51,2019-06-01 17:09:54,157
1,2019-06-01 16:17:21,2019-06-01 17:08:58,141
2,2019-06-01 16:32:38,2019-06-02 16:39:59,308
2,2019-06-01 17:02:44,2019-06-01 18:43:02,317
1,2019-06-01 17:56:07,2019-06-01 18:35:09,147
1,2019-06-01 18:53:34,2019-06-01 19:06:26,151
2,2019-06-01 18:51:24,2019-06-01 19:09:09,291
1,2019-06-01 19:54:18,2019-06-01 20:15:45,93
2,2019-06-01 19:19:56,2019-06-01 20:17:04,250
2,2019-06-01 20:12:33,2019-06-01 21:40:23,227
1,2019-06-01 20:15:57,2019-06-01 21:13:05,118
2,2019-06-01 21:00:01,2019-06-01 22:45:37,178
1,2019-06-01 21:53:13,2019-06-01 22:00:24,39
2,2019-06-01 22:41:17,2019-06-01 23:57:41,165
1,2019-06-01 22:01:45,2019-06-01 22:43:44,20
2,2019-06-01 23:18:48,2019-06-02 00:31:47,125
1,2019-06-01 23:01:15,2019-06-01 23:19:33,29
2,2019-06-02 00:04:43,2019-06-02 01:22:37,69
1,2019-06-02 00:32:27,2019-06-02 00:55:42,33
1,2019-06-02 01:49:21,2019-06-02 01:55:42,16
2,2019-06-02 01:39:57,2019-06-02 01:40:15,35
2,2019-06-02 02:26:33,2019-06-02 03:15:41,11
1,2019-06-02 02:27:13,2019-06-02 03:07:31,7
1,2019-06-02 03:06:28,2019-06-02 04:07:58,25
2,2019-06-02 03:18:39,2019-06-02 04:21:25,42
1,2019-06-02 04:51:59,2019-06-02 04:41:48,29
2,2019-06-02 04:32:50,2019-06-02 05:19:02,60
2,2019-06-02 05:13:25,2019-06-02 05:55:29,126
1,2019-06-02 05:36:09,2019-06-02 05:35:27,31
2,2019-06-02 06:37:01,2019-06-02 07:12:00,164
1,2019-06-02 06:41:27,2019-06-02 06:43:57,38
2,2019-06-02 07:14:39,2019-06-02 07:59:01,118
1,2019-06-02 07:35:49,2019-06-02 08:32:52,45
2,2019-06-02 08:02:42,2019-06-02 08:44:58,143
1,2019-06-02 08:21:09,2019-06-02 08:39:23,51
2,2019-06-02 09:16:27,2019-06-02 10:29:04,112
1,2019-06-02 09:01:05,2019-06-02 10:11:12,27
2,2019-06-02 10:36:50,2019-06-02 14:28:11,214
1,2019-06-02 10:07:13,2019-06-02 11:06:40,71
2,2019-06-02 11:35:03,2019-06-02 12:42:23,212
1,2019-06-02 11:11:59,2019-06-02 12:52:17,67
1,2019-06-02 12:34:30,2019-06-02 13:26:20,77
2,2019-06-02 12:45:12,2019-06-02 13:32:20,230
2,2019-06-02 13:07:18,2019-06-02 14:14:42,424
1,2019-06-02 13:29:49,2019-06-02 13:31:18,128
2,2019-06-02 14:00:46,2019-06-02 15:12:17,439
1,2019-06-02 14:35:55,2019-06-02 15:46:08,144
2,2019-06-02 15:01:46,2019-06-02 16:45:43,540
1,2019-06-02 15:15:20,2019-06-02 16:07:37,178
2,2019-06-02 16:31:11,2019-06-02 16:45:15,384
1,2019-06-02 16:59:17,2019-06-02 17:52:43,165
1,2019-06-02 17:52:12,2019-06-02 19:00:46,159
2,2019-06-02 17:51:12,2019-06-02 18:58:36,465
2,2019-06-02 18:15:24,2019-06-02 19:39:18,282
1,2019-06-02 18:37:31,2019-06-02 19:08:32,143
2,2019-06-02 19:01:10,2019-06-02 20:41:02,308
1,2019-06-02 19:19:18,2019-06-02 20:11:36,92
1,2019-06-02 20:28:56,2019-06-02 20:58:02,156
2,2019-06-02 20:11:28,2019-06-02 21:38:02,392
2,2019-06-02 21:28:15,2019-06-02 22:37:29,237
1,2019-06-02 21:27:27,2019-06-02 22:08:58,80
2,2019-06-02 22:04:20,2019-06-02 23:33:54,166
1,2019-06-02 22:37:26,2019-06-02 23:08:14,33
1,2019-06-02 23:46:04,2019-06-02 23:41:04,65
2,2019-06-02 23:41:29,2019-06-02 23:38:20,179
4,2019-06-02 23:58:13,2019-06-03 00:21:52,2
2,2019-06-03 00:02:51,2019-06-03 01:23:54,225
1,2019-06-03 00:45:39,2019-06-03 01:10:09,49
1,2019-06-03 01:24:42,2019-06-03 01:53:53,49
2,2019-06-03 01:57:47,2019-06-03 02:25:21,219
2,2019-06-03 02:40:29,2019-06-03 03:02:39,128
1,2019-06-03 02:27:21,2019-06-03 02:40:09,21
2,2019-06-03 03:03:50,2019-06-03 04:31:35,36
1,2019-06-03 03:08:04,2019-06-03 03:34:53,2
1,2019-06-03 04:13:39,2019-06-03 05:11:16,30
2,2019-06-03 04:53:50,2019-06-03 05:23:52,77
2,2019-06-03 05:05:42,2019-06-04 05:05:22,176
1,2019-06-03 05:53:56,2019-06-03 06:37:00,56
1,2019-06-03 06:38:30,2019-06-03 07:27:22,43
2,2019-06-03 06:14:42,2019-06-04 06:22:16,205
2,2019-06-03 07:46:29,2019-06-03 09:08:52,206
1,2019-06-03 07:29:45,2019-06-03 08:38:26,44
2,2019-06-03 08:22:10,2019-06-03 09:55:24,180
1,2019-06-03 08:38:19,2019-06-03 09:26:04,34
2,2019-06-03 09:00:37,2019-06-03 10:49:56,186
1,2019-06-03 09:49:19,2019-06-03 10:19:04,32
1,2019-06-03 10:44:15,2019-06-03 11:24:05,63
2,2019-06-03 10:12:56,2019-06-03 11:46:43,219
1,2019-06-03 11:06:23,2019-06-03 12:02:52,61
2,2019-06-03 11:25:03,2019-06-03 12:43:33,204
1,2019-06-03 12:12:21,2019-06-03 13:26:27,95
2,2019-06-03 12:11:44,2019-06-03 13:25:41,253
2,2019-06-03 13:00:20,2019-06-03 14:51:58,358
1,2019-06-03 13:59:22,2019-06-03 14:42:10,115
2,2019-06-03 14:00:35,2019-06-03 15:46:58,407
1,2019-06-03 14:58:58,2019-06-03 16:12:08,209
2,2019-06-03 15:03:12,2019-06-03 17:16:59,423
1,2019-06-03 15:23:06,2019-06-03 16:55:32,137
2,2019-06-03 16:02:10,2019-06-04 15:58:05,486
1,2019-06-03 16:48:34,2019-06-03 17:26:26,202
1,2019-06-03 17:11:32,2019-06-03 18:28:40,151
2,2019-06-03 17:53:35,2019-06-03 19:17:34,382
1,2019-06-03 18:36:21,2019-06-03 20:10:59,116
2,2019-06-03 18:10:12,2019-06-03 19:52:02,298
4,2019-06-03 18:02:25,2019-06-03 19:20:22,2
2,2019-06-03 19:00:07,2019-06-04 19:06:02,291
1,2019-06-03 19:21:23,2019-06-03 20:20:31,109
1,2019-06-03 20:31:28,2019-06-03 21:37:51,96
2,2019-06-03 20:35:38,2019-06-03 21:16:33,298
2,2019-06-03 21:02:26,2019-06-03 21:43:24,229
1,2019-06-03 21:18:16,2019-06-03 22:10:53,58
2,2019-06-03 22:03:18,2019-06-03 23:30:31,216
1,2019-06-03 22:20:35,2019-06-03 22:56:25,69
2,2019-06-03 23:05:48,2019-06-04 00:25:11,153
1,2019-06-03 23:51:48,2019-06-03 23:13:11,27
2,2019-06-04 00:52:50,2019-06-04 01:22:00,137
1,2019-06-04 00:30:38,2019-06-04 00:51:27,28
1,2019-06-04 01:08:37,2019-06-04 01:49:20,17
2,2019-06-04 01:29:13,2019-06-04 02:13:14,45
1,2019-06-04 02:00:59,2019-06-04 03:00:42,4
2,2019-06-04 03:03:14,2019-06-04 04:21:38,21
1,2019-06-04 03:57:17,2019-06-04 04:25:08,2
2,2019-06-04 04:41:23,2019-06-04 05:11:45,45
1,2019-06-04 04:37:13,2019-06-04 05:09:24,11
1,2019-06-04 05:38:47,2019-06-04 05:34:51,38
2,2019-06-04 05:35:37,2019-06-04 06:28:48,127
2,2019-06-04 06:36:30,2019-06-05 06:16:26,125
1,2019-06-04 06:21:18,2019-06-04 07:00:51,58
2,2019-06-04 07:00:00,2019-06-04 08:12:16,115
1,2019-06-04 07:48:32,2019-06-04 08:25:08,48
2,2019-06-04 08:27:00,2019-06-05 08:04:51,85
1,2019-06-04 08:59:15,2019-06-04 09:31:25,49
1,2019-06-04 09:08:32,2019-06-04 11:06:38,64
2,2019-06-04 09:25:43,2019-06-04 10:43:10,143
1,2019-06-04 10:52:19,2019-06-04 10:43:45,60
2,2019-06-04 10:31:15,2019-06-04 11:31:58,133
1,2019-06-04 11:07:44,2019-06-04 11:36:00,74
2,2019-06-04 11:33:07,2019-06-04 12:38:00,148
2,2019-06-04 12:00:12,2019-06-04 13:44:11,163
1,2019-06-04 12:40:39,2019-06-04 13:43:00,75
2,2019-06-04 13:02:41,2019-06-04 14:20:27,244
1,2019-06-04 13:58:32,2019-06-04 14:17:06,108
1,2019-06-04 14:40:28,2019-06-04 15:39:30,122
2,2019-06-04 14:19:51,2019-06-04 15:54:32,303
1,2019-06-04 15:59:18,2019-06-04 16:33:31,160
2,2019-06-04 15:50:58,2019-06-05 15:26:18,315
2,2019-06-04 16:21:14,2019-06-04 17:51:18,346
1,2019-06-04 16:14:54,2019-06-04 17:16:58,133
2,2019-06-04 17:01:17,2019-06-04 18:09:08,284
1,2019-06-04 17:22:47,2019-06-04 18:19:34,170
2,2019-06-04 18:14:15,2019-06-04 19:14:15,287
1,2019-06-04 18:55:43,2019-06-04 19:08:17,77
2,2019-06-04 19:49:58,2019-06-04 20:30:17,175
1,2019-06-04 19:23:20,2019-06-04 20:31:38,68
1,2019-06-04 20:22:17,2019-06-04 20:51:28,91
2,2019-06-04 20:11:50,2019-06-04 21:33:00,243
1,2019-06-04 21:54:53,2019-06-04 21:53:34,55
2,2019-06-04 21:56:42,2019-06-04 22:38:09,141
2,2019-06-04 22:00:33,2019-06-04 23:21:34,144
1,2019-06-04 22:26:52,2019-06-04 22:39:47,42
2,2019-06-04 23:02:51,2019-06-05 00:07:02,147
1,2019-06-04 23:21:38,2019-06-05 00:24:54,47
2,2019-06-05 00:07:26,2019-06-05 01:30:25,108
1,2019-06-05 00:02:18,2019-06-05 00:41:03,29
1,2019-06-05 01:52:05,2019-06-05 01:44:09,20
2,2019-06-05 01:58:01,2019-06-05 01:28:37,57
2,2019-06-05 02:18:37,2019-06-05 02:31:22,26
1,2019-06-05 02:00:29,2019-06-05 02:49:23,10
1,2019-06-05 03:51:40,2019-06-05 04:19:19,2
2,2019-06-05 03:51:39,2019-06-05 03:38:15,9
1,2019-06-05 04:46:53,2019-06-05 05:01:34,9
2,2019-06-05 04:28:54,2019-06-05 05:31:59,26
2,2019-06-05 05:57:22,2019-06-05 06:03:30,125
1,2019-06-05 05:48:02,2019-06-05 06:04:18,6
2,2019-06-05 06:48:47,2019-06-06 06:26:54,159
1,2019-06-05 06:06:49,2019-06-05 07:00:34,38
1,2019-06-05 07:38:30,2019-06-05 08:01:34,29
2,2019-06-05 07:38:27,2019-06-05 08:18:41,123
2,2019-06-05 08:04:44,2019-06-05 09:41:28,117
1,2019-06-05 08:07:53,2019-06-05 09:54:48,38
2,2019-06-05 09:25:22,2019-06-05 10:31:06,98
1,2019-06-05 09:28:34,2019-06-05 10:20:42,44
2,2019-06-05 10:32:27,2019-06-05 11:06:52,152
1,2019-06-05 10:53:19,2019-06-05 11:52:19,58
1,2019-06-05 11:12:46,2019-06-05 12:19:00,42
2,2019-06-05 11:37:31,2019-06-05 12:41:56,166
2,2019-06-05 12:09:36,2019-06-05 13:52:39,246
1,2019-06-05 12:02:30,2019-06-05 13:38:18,83
1,2019-06-05 13:48:11,2019-06-05 14:35:06,93
2,2019-06-05 13:13:52,2019-06-05 14:43:36,273
1,2019-06-05 14:04:35,2019-06-05 15:50:14,126
2,2019-06-05 14:15:55,2019-06-05 16:18:05,374
2,2019-06-05 15:42:54,2019-06-06 14:58:25,321
1,2019-06-05 15:40:32,2019-06-05 16:53:09,145
1,2019-06-05 16:23:01,2019-06-05 17:16:06,137
2,2019-06-05 16:53:09,2019-06-05 18:13:11,427
4,2019-06-05 16:51:08,2019-06-05 18:01:57,2
1,2019-06-05 17:36:36,2019-06-05 18:56:28,162
2,2019-06-05 17:28:44,2019-06-05 19:15:48,366
2,2019-06-05 18:01:16,2019-06-05 19:38:17,292
1,2019-06-05 18:51:04,2019-06-05 19:39:16,90
2,2019-06-05 19:02:11,2019-06-06 19:01:08,193
1,2019-06-05 19:14:49,2019-06-05 20:44:30,56
2,2019-06-05 20:00:53,2019-06-05 21:37:47,201
1,2019-06-05 20:49:04,2019-06-05 21:22:44,59
1,2019-06-05 21:28:46,2019-06-05 22:14:56,56
2,2019-06-05 21:33:55,2019-06-05 22:30:10,212
2,2019-06-05 22:08:49,2019-06-06 21:52:11,197
1,2019-06-05 22:25:04,2019-06-05 22:53:55,57
2,2019-06-05 23:02:17,2019-06-06 00:48:40,212
1,2019-06-05 23:42:05,2019-06-06 00:06:30,38
2,2019-06-06 00:07:15,2019-06-06 01:38:33,55
1,2019-06-06 00:00:04,2019-06-06 00:49:58,30
2,2019-06-06 01:11:50,2019-06-06 02:29:19,164
1,2019-06-06 01:55:52,2019-06-06 01:47:18,32
2,2019-06-06 02:19:25,2019-06-06 03:09:57,119
1,2019-06-06 02:38:51,2019-06-06 02:50:10,17
1,2019-06-06 03:30:48,2019-06-06 03:45:35,4
2,2019-06-06 03:23:34,2019-06-06 04:04:30,22
2,2019-06-06 04:32:44,2019-06-06 05:33:16,30
1,2019-06-06 04:27:15,2019-06-06 05:07:40,14
2,2019-06-06 05:35:16,2019-06-07 05:21:15,110
1,2019-06-06 05:53:04,2019-06-06 06:40:29,18
2,2019-06-06 06:15:01,2019-06-06 07:42:56,108
1,2019-06-06 06:19:20,2019-06-06 07:36:26,28
2,2019-06-06 07:30:38,2019-06-07 07:36:48,195
1,2019-06-06 07:20:47,2019-06-06 07:42:43,61
2,2019-06-06 08:00:19,2019-06-06 09:41:37,156
1,2019-06-06 08:04:00,2019-06-06 09:02:10,50
2,2019-06-06 09:19:29,2019-06-06 10:49:11,130
1,2019-06-06 09:27:58,2019-06-06 10:44:23,32
1,2019-06-06 10:05:02,2019-06-06 10:43:56,79
2,2019-06-06 10:59:10,2019-06-06 12:39:22,152
1,2019-06-06 11:11:45,2019-06-06 12:27:36,66
2,2019-06-06 11:17:18,2019-06-06 12:37:05,174
1,2019-06-06 12:56:48,2019-06-06 13:06:56,90
2,2019-06-06 12:16:17,2019-06-07 12:20:03,254
2,2019-06-06 13:04:05,2019-06-06 15:10:14,359
1,2019-06-06 13:36:44,2019-06-06 14:26:02,107
2,2019-06-06 14:43:17,2019-06-06 16:09:19,456
1,2019-06-06 14:10:19,2019-06-06 16:16:10,195
1,2019-06-06 15:42:36,2019-06-06 17:32:53,127
2,2019-06-06 15:30:32,2019-06-06 17:02:43,235
2,2019-06-06 16:01:23,2019-06-06 18:20:05,473
1,2019-06-06 16:06:53,2019-06-06 17:55:23,217
2,2019-06-06 17:00:16,2019-06-06 19:12:05,377
1,2019-06-06 17:26:56,2019-06-06 18:59:42,157
2,2019-06-06 18:53:50,2019-06-06 19:55:58,309
1,2019-06-06 18:21:16,2019-06-06 19:50:33,124
1,2019-06-06 19:34:13,2019-06-06 20:19:20,70
2,2019-06-06 19:45:31,2019-06-06 20:53:13,257
1,2019-06-06 20:25:13,2019-06-06 21:29:42,73
2,2019-06-06 20:41:18,2019-06-06 21:35:42,281
1,2019-06-06 21:44:47,2019-06-06 22:05:46,83
2,2019-06-06 21:02:51,2019-06-06 22:51:43,140
2,2019-06-06 22:03:39,2019-06-06 23:31:25,180
1,2019-06-06 22:00:43,2019-06-06 23:15:35,57
2,2019-06-06 23:18:18,2019-06-07 00:30:30,172
1,2019-06-06 23:01:05,2019-06-07 00:20:30,33
1,2019-06-07 00:16:00,2019-06-07 01:18:19,41
2,2019-06-07 00:03:19,2019-06-07 01:23:50,148
2,2019-06-07 01:12:32,2019-06-07 01:29:07,58
1,2019-06-07 02:21:19,2019-06-07 03:04:54,6
2,2019-06-07 02:30:58,2019-06-07 03:18:43,37
2,2019-06-07 03:53:13,2019-06-07 04:18:39,11
2,2019-06-07 04:02:46,2019-06-07 05:28:18,65
1,2019-06-07 04:59:39,2019-06-07 05:11:44,10
2,2019-06-07 05:42:54,2019-06-07 06:17:23,159
1,2019-06-07 05:02:15,2019-06-07 05:52:24,29
1,2019-06-07 06:20:41,2019-06-07 07:03:50,53
2,2019-06-07 06:01:08,2019-06-07 06:35:32,226
2,2019-06-07 07:20:04,2019-06-07 08:37:40,157
1,2019-06-07 07:27:05,2019-06-07 08:40:41,23
2,2019-06-07 08:16:00,2019-06-07 10:01:43,160
1,2019-06-07 08:18:50,2019-06-07 09:58:25,67
2,2019-06-07 09:00:19,2019-06-07 10:35:51,153
1,2019-06-07 09:10:31,2019-06-07 10:42:58,35
2,2019-06-07 10:11:12,2019-06-07 11:41:43,132
1,2019-06-07 10:49:09,2019-06-07 11:31:15,57
2,2019-06-07 11:42:26,2019-06-07 12:56:16,185
1,2019-06-07 11:30:38,2019-06-07 11:47:45,71
2,2019-06-07 12:01:40,2019-06-07 12:47:28,203
1,2019-06-07 12:22:52,2019-06-07 13:00:02,72
1,2019-06-07 13:35:02,2019-06-07 14:01:34,82
2,2019-06-07 13:11:21,2019-06-07 13:46:16,310
2,2019-06-07 14:00:01,2019-06-08 13:51:12,391
1,2019-06-07 14:41:47,2019-06-07 16:02:50,167
1,2019-06-07 15:15:08,2019-06-07 17:18:14,163
2,2019-06-07 15:46:49,2019-06-07 17:08:31,288
1,2019-06-07 16:45:30,2019-06-07 17:10:48,140
2,2019-06-07 16:32:07,2019-06-07 18:26:37,383
2,2019-06-07 17:00:16,2019-06-07 19:06:17,387
1,2019-06-07 17:07:48,2019-06-07 18:21:59,150
2,2019-06-07 18:02:01,2019-06-07 20:06:09,268
1,2019-06-07 18:15:24,2019-06-07 20:04:46,83
2,2019-06-07 19:01:31,2019-06-07 20:28:03,275
1,2019-06-07 19:05:45,2019-06-07 20:14:51,91
2,2019-06-07 20:00:41,2019-06-08 20:45:35,247
1,2019-06-07 20:01:05,2019-06-07 21:54:33,70
1,2019-06-07 21:48:36,2019-06-07 22:08:50,73
2,2019-06-07 21:21:44,2019-06-07 22:37:52,196
2,2019-06-07 22:00:16,2019-06-07 23:40:28,195
1,2019-06-07 22:18:05,2019-06-07 23:05:42,75
2,2019-06-07 23:03:11,2019-06-07 23:36:10,139
1,2019-06-07 23:23:59,2019-06-08 00:02:46,41
2,2019-06-08 00:33:32,2019-06-08 01:26:55,126
1,2019-06-08 00:41:26,2019-06-08 01:05:31,15
1,2019-06-08 01:58:27,2019-06-08 01:58:56,14
2,2019-06-08 01:02:02,2019-06-08 02:30:41,51
2,2019-06-08 02:03:20,2019-06-08 02:25:48,27
1,2019-06-08 02:01:33,2019-06-08 02:41:38,17
2,2019-06-08 03:32:24,2019-06-08 04:16:21,16
1,2019-06-08 03:12:31,2019-06-08 03:44:35,6
2,2019-06-08 04:42:34,2019-06-08 04:28:56,39
1,2019-06-08 04:58:11,2019-06-08 05:09:48,20
2,2019-06-08 05:44:46,2019-06-08 05:48:46,110
1,2019-06-08 05:31:57,2019-06-08 05:47:54,18
2,2019-06-08 06:18:24,2019-06-08 06:52:54,76
1,2019-06-08 06:40:28,2019-06-08 06:52:13,19
2,2019-06-08 07:58:32,2019-06-08 08:31:44,178
1,2019-06-08 07:45:45,2019-06-08 08:27:06,31
1,2019-06-08 08:40:18,2019-06-08 08:57:05,51
2,2019-06-08 08:57:08,2019-06-08 12:34:46,175
2,2019-06-08 09:40:33,2019-06-08 10:32:56,132
1,2019-06-08 09:22:01,2019-06-08 10:04:09,31
2,2019-06-08 10:43:52,2019-06-08 11:22:35,157
1,2019-06-08 10:01:34,2019-06-08 10:42:14,67
2,2019-06-08 11:58:52,2019-06-08 12:32:10,210
1,2019-06-08 11:43:33,2019-06-08 11:58:44,90
1,2019-06-08 12:13:21,2019-06-08 12:59:50,75
2,2019-06-08 12:00:14,2019-06-08 13:50:27,206
2,2019-06-08 13:01:01,2019-06-08 13:43:20,241
1,2019-06-08 13:15:33,2019-06-08 14:23:21,142
2,2019-06-08 14:00:25,2019-06-08 15:43:55,303
1,2019-06-08 14:45:53,2019-06-08 15:30:23,129
1,2019-06-08 15:24:19,2019-06-08 16:21:09,135
2,2019-06-08 15:51:04,2019-06-08 16:46:05,257
1,2019-06-08 16:50:49,2019-06-08 17:20:28,128
2,2019-06-08 16:41:41,2019-06-08 17:50:06,287
1,2019-06-08 17:00:41,2019-06-08 18:53:58,141
2,2019-06-08 17:32:45,2019-06-09 17:03:07,336
2,2019-06-08 18:02:24,2019-06-08 19:44:46,260
1,2019-06-08 18:13:48,2019-06-08 19:02:59,114
2,2019-06-08 19:20:03,2019-06-08 20:43:21,200
1,2019-06-08 19:29:58,2019-06-08 20:31:51,94
2,2019-06-08 20:41:06,2019-06-08 22:01:38,239
1,2019-06-08 20:29:09,2019-06-08 20:48:04,86
2,2019-06-08 21:02:26,2019-06-08 21:53:50,165
1,2019-06-08 21:29:03,2019-06-08 22:24:15,124
2,2019-06-08 22:00:19,2019-06-08 23:41:46,197
1,2019-06-08 22:25:26,2019-06-08 23:03:06,55
2,2019-06-08 23:23:19,2019-06-09 00:29:17,139
1,2019-06-08 23:09:23,2019-06-09 00:19:26,58
1,2019-06-09 00:41:54,2019-06-09 00:36:22,17
2,2019-06-09 00:32:23,2019-06-09 01:26:46,54
2,2019-06-09 01:20:10,2019-06-09 01:40:36,27
1,2019-06-09 01:46:23,2019-06-09 01:37:26,7
1,2019-06-09 02:17:47,2019-06-09 02:35:53,5
2,2019-06-09 02:15:49,2019-06-09 03:11:05,35
1,2019-06-09 03:26:06,2019-06-09 03:55:08,12
2,2019-06-09 03:33:19,2019-06-09 03:29:43,21
2,2019-06-09 04:08:12,2019-06-10 04:40:01,51
1,2019-06-09 04:23:01,2019-06-09 04:36:36,22
2,2019-06-09 05:06:12,2019-06-10 04:59:35,125
1,2019-06-09 05:46:57,2019-06-09 05:37:43,32
2,2019-06-09 06:15:08,2019-06-09 07:26:16,141
1,2019-06-09 06:25:01,2019-06-09 06:57:55,47
2,2019-06-09 07:45:03,2019-06-09 07:42:18,104
1,2019-06-09 07:15:29,2019-06-09 08:20:07,56
2,2019-06-09 08:26:24,2019-06-09 08:36:15,151
1,2019-06-09 08:49:42,2019-06-09 09:34:52,60
2,2019-06-09 09:02:51,2019-06-09 09:54:06,157
1,2019-06-09 09:27:04,2019-06-09 10:20:34,38
2,2019-06-09 10:00:22,2019-06-09 10:57:51,178
1,2019-06-09 10:58:46,2019-06-09 10:45:40,54
2,2019-06-09 11:13:19,2019-06-09 12:30:17,191
1,2019-06-09 11:23:23,2019-06-09 11:38:57,64
1,2019-06-09 12:33:32,2019-06-09 12:51:47,69
2,2019-06-09 12:47:30,2019-06-09 14:03:00,258
2,2019-06-09 13:00:29,2019-06-09 14:39:45,426
1,2019-06-09 13:59:15,2019-06-09 14:37:12,124
2,2019-06-09 14:14:36,2019-06-09 15:31:40,439
1,2019-06-09 14:00:47,2019-06-09 15:50:34,156
2,2019-06-09 15:00:02,2019-06-09 15:07:09,525
1,2019-06-09 15:40:15,2019-06-09 15:29:05,173
2,2019-06-09 16:56:09,2019-06-09 17:52:52,476
1,2019-06-09 16:27:40,2019-06-09 17:25:53,143
2,2019-06-09 17:01:09,2019-06-09 18:38:03,401
1,2019-06-09 17:08:53,2019-06-09 18:23:45,137
2,2019-06-09 18:01:04,2019-06-09 19:20:44,333
1,2019-06-09 18:38:09,2019-06-09 19:06:09,91
2,2019-06-09 19:00:51,2019-06-09 20:46:48,391
1,2019-06-09 19:40:27,2019-06-09 19:51:15,152
2,2019-06-09 20:00:40,2019-06-09 21:46:37,368
1,2019-06-09 20:10:29,2019-06-09 21:07:22,98
2,2019-06-09 21:00:19,2019-06-09 22:14:37,276
1,2019-06-09 21:51:07,2019-06-09 22:07:16,74
4,2019-06-09 21:08:20,2019-06-09 21:47:29,2
2,2019-06-09 22:05:38,2019-06-09 23:35:14,221
1,2019-06-09 22:00:50,2019-06-09 23:13:44,25
2,2019-06-09 23:02:39,2019-06-10 00:19:14,204
1,2019-06-09 23:21:30,2019-06-09 23:53:49,59
2,2019-06-10 00:00:12,2019-06-10 01:26:18,139
1,2019-06-10 00:53:02,2019-06-10 00:37:38,35
2,2019-06-10 01:01:00,2019-06-10 02:25:41,72
1,2019-06-10 01:31:52,2019-06-10 01:39:13,25
2,2019-06-10 02:15:20,2019-06-10 03:00:46,23
1,2019-06-10 02:03:01,2019-06-10 02:26:34,9
2,2019-06-10 03:56:04,2019-06-10 03:49:22,36
1,2019-06-10 03:42:16,2019-06-10 04:15:05,12
1,2019-06-10 04:01:43,2019-06-10 04:51:43,21
2,2019-06-10 04:12:51,2019-06-10 05:26:50,94
2,2019-06-10 05:35:19,2019-06-10 06:39:49,190
1,2019-06-10 05:46:56,2019-06-10 06:00:18,54
2,2019-06-10 06:01:57,2019-06-10 07:35:58,201
1,2019-06-10 06:25:32,2019-06-10 07:47:51,59
1,2019-06-10 07:08:32,2019-06-10 07:59:04,38
2,2019-06-10 07:24:52,2019-06-10 07:46:08,152
2,2019-06-10 08:02:01,2019-06-10 08:38:30,149
1,2019-06-10 08:21:55,2019-06-10 09:04:57,54
2,2019-06-10 09:00:27,2019-06-10 10:21:33,171
1,2019-06-10 09:39:31,2019-06-10 10:24:39,43
1,2019-06-10 10:18:01,2019-06-10 10:50:36,77
2,2019-06-10 10:01:31,2019-06-11 00:00:00,216
2,2019-06-10 11:01:17,2019-06-10 12:53:37,212
1,2019-06-10 11:13:55,2019-06-10 12:31:45,84
2,2019-06-10 12:45:18,2019-06-10 13:54:06,184
1,2019-06-10 12:34:37,2019-06-10 13:52:18,57
2,2019-06-10 13:03:31,2019-06-10 14:58:55,281
1,2019-06-10 13:46:19,2019-06-10 14:53:48,119
1,2019-06-10 14:58:27,2019-06-10 16:13:07,103
2,2019-06-10 14:23:39,2019-06-10 14:19:44,439
1,2019-06-10 15:29:39,2019-06-10 16:53:30,161
2,2019-06-10 15:47:16,2019-06-10 16:35:24,409
2,2019-06-10 16:00:17,2019-06-10 17:45:12,477
1,2019-06-10 16:41:30,2019-06-10 17:34:19,161
1,2019-06-10 17:25:36,2019-06-10 18:29:18,126
2,2019-06-10 17:27:03,2019-06-11 17:18:01,375
1,2019-06-10 18:47:25,2019-06-10 19:10:49,109
2,2019-06-10 18:34:05,2019-06-10 19:40:17,265
2,2019-06-10 19:35:20,2019-06-10 20:21:11,212
1,2019-06-10 19:50:53,2019-06-10 19:47:22,69
2,2019-06-10 20:21:59,2019-06-10 21:25:12,290
1,2019-06-10 20:30:45,2019-06-10 20:31:05,84
1,2019-06-10 21:04:38,2019-06-10 22:09:47,41
2,2019-06-10 21:11:19,2019-06-10 22:26:09,237
1,2019-06-10 22:39:25,2019-06-10 23:30:08,37
2,2019-06-10 22:12:43,2019-06-10 23:07:13,185
4,2019-06-10 22:29:41,2019-06-10 22:58:46,2
2,2019-06-10 23:16:04,2019-06-11 00:27:23,127
1,2019-06-10 23:57:43,2019-06-10 23:30:26,30
2,2019-06-11 00:31:10,2019-06-11 01:26:45,123
1,2019-06-11 00:56:35,2019-06-11 00:52:49,29
2,2019-06-11 01:12:06,2019-06-11 01:53:33,191
1,2019-06-11 01:33:52,2019-06-11 01:43:23,39
1,2019-06-11 02:15:52,2019-06-11 02:46:27,17
2,2019-06-11 02:04:12,2019-06-11 03:28:28,49
1,2019-06-11 03:59:18,2019-06-11 03:45:44,8
2,2019-06-11 03:34:22,2019-06-11 03:58:19,27
2,2019-06-11 04:53:59,2019-06-11 05:29:21,30
1,2019-06-11 04:03:14,2019-06-11 04:25:55,17
2,2019-06-11 05:36:23,2019-06-12 04:56:03,105
1,2019-06-11 05:43:18,2019-06-11 06:09:08,32
2,2019-06-11 06:10:58,2019-06-11 06:26:54,141
1,2019-06-11 06:13:05,2019-06-11 07:07:24,33
2,2019-06-11 07:00:10,2019-06-11 07:50:15,139
1,2019-06-11 07:26:52,2019-06-11 08:24:26,37
1,2019-06-11 08:57:04,2019-06-11 09:05:02,43
2,2019-06-11 08:57:04,2019-06-11 09:37:03,152
2,2019-06-11 09:18:23,2019-06-11 10:56:28,196
1,2019-06-11 09:26:37,2019-06-11 11:13:11,54
1,2019-06-11 10:30:13,2019-06-11 11:33:06,70
2,2019-06-11 10:14:50,2019-06-11 11:26:19,113
1,2019-06-11 11:12:37,2019-06-11 12:35:39,73
2,2019-06-11 11:52:43,2019-06-11 11:37:48,172
2,2019-06-11 12:04:27,2019-06-11 13:22:26,210
1,2019-06-11 12:22:37,2019-06-11 13:48:59,58
2,2019-06-11 13:01:01,2019-06-11 14:49:44,231
1,2019-06-11 13:32:27,2019-06-11 14:32:59,77
2,2019-06-11 14:02:38,2019-06-11 16:00:54,316
1,2019-06-11 14:45:53,2019-06-11 15:52:14,180
1,2019-06-11 15:53:35,2019-06-11 16:39:47,87
2,2019-06-11 15:16:05,2019-06-11 16:11:00,293
2,2019-06-11 16:00:37,2019-06-11 18:14:03,339
1,2019-06-11 16:02:01,2019-06-11 18:01:15,138
2,2019-06-11 17:31:33,2019-06-11 20:15:30,409
1,2019-06-11 17:21:44,2019-06-11 19:07:09,119
4,2019-06-11 17:29:13,2019-06-11 18:53:20,2
2,2019-06-11 18:01:10,2019-06-11 19:37:01,262
1,2019-06-11 18:15:52,2019-06-11 19:41:56,95
2,2019-06-11 19:44:38,2019-06-11 19:46:51,276
1,2019-06-11 19:41:17,2019-06-11 20:13:18,66
2,2019-06-11 20:00:35,2019-06-11 21:38:48,284
1,2019-06-11 20:28:03,2019-06-11 21:34:34,95
1,2019-06-11 21:42:33,2019-06-11 22:20:59,54
2,2019-06-11 21:13:50,2019-06-11 21:30:32,167
1,2019-06-11 22:07:35,2019-06-11 22:48:35,22
2,2019-06-11 22:14:05,2019-06-11 22:36:04,152
2,2019-06-11 23:58:59,2019-06-11 23:50:55,132
1,2019-06-11 23:15:51,2019-06-12 00:16:32,30
2,2019-06-12 00:27:11,2019-06-12 01:01:25,111
1,2019-06-12 00:56:13,2019-06-12 01:26:12,21
1,2019-06-12 01:44:41,2019-06-12 02:19:32,14
2,2019-06-12 01:34:03,2019-06-12 01:54:17,54
2,2019-06-12 02:29:42,2019-06-12 02:24:04,12
2,2019-06-12 03:28:37,2019-06-13 02:51:19,18
1,2019-06-12 03:24:16,2019-06-12 03:55:07,2
1,2019-06-12 04:28:49,2019-06-12 05:19:15,8
2,2019-06-12 04:29:29,2019-06-12 05:00:24,38
1,2019-06-12 05:48:10,2019-06-12 06:11:47,27
2,2019-06-12 05:30:20,2019-06-12 06:54:42,137
1,2019-06-12 06:00:21,2019-06-12 07:37:44,57
2,2019-06-12 06:03:30,2019-06-12 07:56:55,160
2,2019-06-12 07:43:28,2019-06-12 07:55:48,128
1,2019-06-12 07:38:36,2019-06-12 08:48:35,41
2,2019-06-12 08:01:48,2019-06-12 08:09:28,114
1,2019-06-12 08:09:30,2019-06-12 09:21:01,43
1,2019-06-12 09:19:49,2019-06-12 10:20:35,38
2,2019-06-12 09:43:54,2019-06-13 08:56:20,114
2,2019-06-12 10:41:27,2019-06-12 11:33:21,144
1,2019-06-12 10:16:47,2019-06-12 11:25:29,31
1,2019-06-12 11:08:17,2019-06-12 12:08:02,50
2,2019-06-12 11:22:35,2019-06-12 12:53:02,185
1,2019-06-12 12:23:54,2019-06-12 13:36:35,92
2,2019-06-12 12:13:05,2019-06-12 13:45:54,223
1,2019-06-12 13:37:42,2019-06-12 13:20:37,95
2,2019-06-12 13:39:57,2019-06-12 15:05:25,258
2,2019-06-12 14:03:02,2019-06-12 16:03:52,385
1,2019-06-12 14:40:24,2019-06-12 15:56:25,133
2,2019-06-12 15:00:07,2019-06-12 16:33:40,314
1,2019-06-12 15:35:46,2019-06-12 16:50:55,135
2,2019-06-12 16:02:02,2019-06-12 16:46:20,391
1,2019-06-12 16:15:55,2019-06-12 17:59:03,178
2,2019-06-12 17:37:59,2019-06-12 19:06:37,369
1,2019-06-12 17:12:47,2019-06-12 18:29:58,141
2,2019-06-12 18:00:16,2019-06-12 19:32:38,274
1,2019-06-12 18:54:58,2019-06-12 19:31:52,91
2,2019-06-12 19:03:11,2019-06-12 19:36:12,278
1,2019-06-12 19:00:08,2019-06-12 20:09:52,79
2,2019-06-12 20:00:13,2019-06-12 21:46:20,255
1,2019-06-12 20:02:55,2019-06-12 20:54:46,62
1,2019-06-12 21:02:57,2019-06-12 22:10:49,87
2,2019-06-12 21:14:37,2019-06-12 22:12:02,217
1,2019-06-12 22:57:18,2019-06-12 23:11:38,43
2,2019-06-12 22:16:51,2019-06-12 23:21:55,184
1,2019-06-12 23:00:44,2019-06-12 23:46:37,24
2,2019-06-12 23:07:23,2019-06-12 23:50:37,174
1,2019-06-13 00:50:37,2019-06-13 01:02:01,19
2,2019-06-13 00:11:38,2019-06-13 00:56:56,100
2,2019-06-13 01:00:14,2019-06-13 02:08:41,73
1,2019-06-13 01:00:16,2019-06-13 01:18:44,21
1,2019-06-13 02:14:25,2019-06-13 02:26:55,7
2,2019-06-13 03:59:19,2019-06-13 04:20:14,3
1,2019-06-13 03:08:44,2019-06-13 04:16:30,4
1,2019-06-13 04:48:10,2019-06-13 05:36:32,8
2,2019-06-13 04:57:00,2019-06-13 04:47:31,26
2,2019-06-13 05:41:10,2019-06-13 06:22:00,153
1,2019-06-13 05:04:01,2019-06-13 06:01:46,13
2,2019-06-13 06:16:40,2019-06-13 07:19:30,197
1,2019-06-13 06:01:10,2019-06-13 06:39:16,64
2,2019-06-13 07:39:50,2019-06-13 08:38:13,130
1,2019-06-13 07:07:30,2019-06-13 08:23:52,42
2,2019-06-13 08:01:01,2019-06-13 10:03:35,132
1,2019-06-13 08:59:40,2019-06-13 09:32:00,31
2,2019-06-13 09:13:32,2019-06-13 11:02:07,142
1,2019-06-13 09:27:03,2019-06-13 09:57:50,22
1,2019-06-13 10:03:49,2019-06-13 12:01:05,54
2,2019-06-13 10:58:15,2019-06-13 11:54:22,136
2,2019-06-13 11:12:25,2019-06-13 11:47:46,136
1,2019-06-13 11:38:47,2019-06-13 13:02:49,64
2,2019-06-13 12:37:23,2019-06-14 12:19:34,265
1,2019-06-13 12:51:04,2019-06-13 13:54:13,51
1,2019-06-13 13:32:25,2019-06-13 14:53:42,137
2,2019-06-13 13:19:45,2019-06-13 14:04:50,296
2,2019-06-13 14:07:53,2019-06-13 15:27:35,358
1,2019-06-13 14:30:18,2019-06-13 15:31:44,119
2,2019-06-13 15:00:46,2019-06-13 17:13:25,354
1,2019-06-13 15:06:00,2019-06-13 17:06:13,131
2,2019-06-13 16:01:08,2019-06-13 17:54:39,373
1,2019-06-13 16:14:44,2019-06-13 18:00:00,170
2,2019-06-13 17:01:31,2019-06-13 19:15:08,252
1,2019-06-13 17:48:04,2019-06-13 18:27:21,114
4,2019-06-13 17:50:43,2019-06-13 18:54:03,2
1,2019-06-13 18:33:57,2019-06-13 19:46:36,93
2,2019-06-13 18:20:01,2019-06-13 19:40:08,274
2,2019-06-13 19:22:44,2019-06-13 20:53:29,224
1,2019-06-13 19:58:28,2019-06-13 19:38:33,41
1,2019-06-13 20:17:24,2019-06-13 21:07:55,88
2,2019-06-13 20:28:12,2019-06-13 21:37:54,274
2,2019-06-13 21:00:57,2019-06-13 22:18:53,201
1,2019-06-13 21:26:31,2019-06-13 22:03:33,73
1,2019-06-13 22:12:15,2019-06-13 23:26:09,59
2,2019-06-13 22:50:57,2019-06-13 23:34:51,196
1,2019-06-13 23:02:01,2019-06-13 23:52:15,29
2,2019-06-13 23:55:51,2019-06-14 00:39:37,157
2,2019-06-14 00:11:59,2019-06-14 01:23:02,206
1,2019-06-14 00:35:33,2019-06-14 01:25:40,67
4,2019-06-14 00:27:48,2019-06-14 01:22:04,2
1,2019-06-14 01:06:39,2019-06-14 02:11:16,22
2,2019-06-14 01:25:54,2019-06-14 01:33:04,100
2,2019-06-14 02:57:23,2019-06-14 02:56:21,9
1,2019-06-14 02:39:29,2019-06-14 02:25:05,8
2,2019-06-14 03:33:07,2019-06-14 03:54:58,15
1,2019-06-14 03:29:28,2019-06-14 03:55:29,4
1,2019-06-14 04:47:05,2019-06-14 04:58:11,11
2,2019-06-14 04:13:09,2019-06-14 05:16:23,79
1,2019-06-14 05:39:53,2019-06-14 06:01:25,25
2,2019-06-14 05:49:42,2019-06-14 06:23:39,141
2,2019-06-14 06:56:08,2019-06-14 08:00:47,274
1,2019-06-14 06:20:24,2019-06-14 06:26:21,53
1,2019-06-14 07:56:00,2019-06-14 07:43:57,58
2,2019-06-14 07:24:16,2019-06-14 07:08:33,169
1,2019-06-14 08:26:37,2019-06-14 09:14:09,68
2,2019-06-14 08:18:19,2019-06-14 09:52:41,210
1,2019-06-14 09:49:55,2019-06-14 10:19:00,44
2,2019-06-14 09:48:42,2019-06-15 09:38:21,144
2,2019-06-14 10:00:02,2019-06-14 12:00:27,217
1,2019-06-14 10:48:46,2019-06-14 11:16:01,88
2,2019-06-14 11:07:17,2019-06-14 12:36:29,185
1,2019-06-14 11:55:57,2019-06-14 12:17:44,59
2,2019-06-14 12:01:22,2019-06-14 14:06:44,190
1,2019-06-14 12:45:14,2019-06-14 13:41:30,59
2,2019-06-14 13:41:51,2019-06-14 15:29:08,281
1,2019-06-14 13:25:58,2019-06-14 14:51:41,102
2,2019-06-14 14:00:29,2019-06-14 14:56:41,307
1,2019-06-14 14:43:34,2019-06-14 15:43:39,134
2,2019-06-14 15:27:23,2019-06-14 16:58:47,378
1,2019-06-14 15:18:38,2019-06-14 16:33:00,109
2,2019-06-14 16:02:52,2019-06-14 18:15:18,366
1,2019-06-14 16:03:41,2019-06-14 17:27:59,139
1,2019-06-14 17:31:47,2019-06-14 18:53:26,161
2,2019-06-14 17:39:38,2019-06-14 19:02:30,345
2,2019-06-14 18:55:15,2019-06-14 19:54:04,321
1,2019-06-14 18:01:31,2019-06-14 19:47:47,110
2,2019-06-14 19:46:12,2019-06-14 19:54:41,173
1,2019-06-14 19:20:04,2019-06-14 20:37:22,70
2,2019-06-14 20:56:27,2019-06-14 21:43:40,276
1,2019-06-14 20:08:15,2019-06-14 20:54:31,100
2,2019-06-14 21:27:31,2019-06-14 22:12:44,174
1,2019-06-14 21:36:46,2019-06-14 22:15:09,69
1,2019-06-14 22:41:20,2019-06-14 23:19:29,57
2,2019-06-14 22:28:27,2019-06-14 23:29:41,151
1,2019-06-14 23:52:09,2019-06-15 00:18:54,61
2,2019-06-14 23:39:34,2019-06-15 00:06:10,194
1,2019-06-15 00:10:01,2019-06-15 00:59:40,45
2,2019-06-15 00:16:54,2019-06-15 00:45:44,102
2,2019-06-15 01:41:26,2019-06-15 01:37:40,53
1,2019-06-15 01:24:23,2019-06-15 02:06:31,8
2,2019-06-15 02:00:18,2019-06-15 02:18:32,25
1,2019-06-15 02:11:34,2019-06-15 02:48:23,4
1,2019-06-15 03:11:37,2019-06-15 04:15:03,6
2,2019-06-15 03:11:11,2019-06-15 04:23:16,31
4,2019-06-15 03:37:02,2019-06-15 04:03:07,2
2,2019-06-15 04:44:32,2019-06-15 04:22:03,25
1,2019-06-15 04:40:36,2019-06-15 04:32:54,10
2,2019-06-15 05:14:27,2019-06-15 05:51:17,85
1,2019-06-15 05:51:29,2019-06-15 05:47:38,28
1,2019-06-15 06:20:03,2019-06-15 07:04:43,28
2,2019-06-15 06:20:17,2019-06-15 06:10:34,133
2,2019-06-15 07:43:51,2019-06-15 08:24:26,150
1,2019-06-15 07:58:03,2019-06-15 07:46:02,25
1,2019-06-15 08:15:10,2019-06-15 09:31:36,54
2,2019-06-15 08:12:07,2019-06-15 09:34:56,113
1,2019-06-15 09:26:38,2019-06-15 10:32:47,38
2,2019-06-15 09:30:41,2019-06-15 10:22:23,127
2,2019-06-15 10:05:49,2019-06-15 11:29:04,164
1,2019-06-15 10:26:14,2019-06-15 10:55:47,44
2,2019-06-15 11:12:08,2019-06-15 12:46:46,153
1,2019-06-15 11:49:17,2019-06-15 12:56:36,45
2,2019-06-15 12:00:01,2019-06-15 13:53:16,193
1,2019-06-15 12:13:53,2019-06-15 12:53:07,75
1,2019-06-15 13:03:37,2019-06-15 14:37:57,101
2,2019-06-15 13:05:49,2019-06-15 14:54:18,204
1,2019-06-15 14:10:21,2019-06-15 15:39:17,119
2,2019-06-15 14:58:29,2019-06-16 14:50:17,299
2,2019-06-15 15:18:58,2019-06-15 16:34:11,295
1,2019-06-15 15:01:51,2019-06-15 16:19:46,150
2,2019-06-15 16:01:32,2019-06-15 18:08:14,330
1,2019-06-15 16:12:28,2019-06-15 17:48:48,138
2,2019-06-15 17:46:34,2019-06-15 18:56:41,322
1,2019-06-15 17:04:19,2019-06-15 17:54:01,121
1,2019-06-15 18:24:43,2019-06-15 19:43:38,125
2,2019-06-15 18:28:48,2019-06-15 19:51:38,237
2,2019-06-15 19:42:15,2019-06-15 20:03:08,253
1,2019-06-15 19:44:26,2019-06-15 20:32:47,94
2,2019-06-15 20:00:00,2019-06-15 21:42:04,203
1,2019-06-15 20:36:53,2019-06-15 20:55:26,107
2,2019-06-15 21:01:46,2019-06-15 22:51:29,179
1,2019-06-15 21:15:36,2019-06-15 21:53:26,63
2,2019-06-15 22:02:41,2019-06-15 22:02:46,135
1,2019-06-15 22:17:34,2019-06-15 23:31:51,44
2,2019-06-15 23:00:15,2019-06-16 00:35:09,87
1,2019-06-15 23:01:13,2019-06-16 00:02:29,62
1,2019-06-16 00:43:33,2019-06-16 00:50:47,29
2,2019-06-16 00:37:07,2019-06-16 01:34:40,105
2,2019-06-16 01:39:40,2019-06-16 01:55:57,30
1,2019-06-16 01:10:20,2019-06-16 01:43:37,16
2,2019-06-16 02:28:19,2019-06-16 03:16:19,19
1,2019-06-16 02:03:40,2019-06-16 03:03:25,6
2,2019-06-16 03:46:20,2019-06-16 04:38:02,16
1,2019-06-16 03:46:26,2019-06-16 04:12:23,9
2,2019-06-16 04:50:18,2019-06-17 03:28:09,55
1,2019-06-16 04:58:31,2019-06-16 05:27:03,29
2,2019-06-16 05:36:47,2019-06-16 05:55:45,98
1,2019-06-16 05:01:18,2019-06-16 05:53:46,48
1,2019-06-16 06:13:47,2019-06-16 07:16:19,75
2,2019-06-16 06:01:53,2019-06-16 07:24:25,165
1,2019-06-16 07:58:00,2019-06-16 07:53:37,48
2,2019-06-16 07:00:37,2019-06-17 07:26:27,173
2,2019-06-16 08:02:39,2019-06-16 09:27:29,169
1,2019-06-16 08:37:02,2019-06-16 08:59:43,43
1,2019-06-16 09:31:21,2019-06-16 10:22:14,25
2,2019-06-16 09:42:36,2019-06-16 10:31:16,103
1,2019-06-16 10:28:34,2019-06-16 10:46:59,49
2,2019-06-16 10:39:24,2019-06-17 10:47:33,149
1,2019-06-16 11:53:11,2019-06-16 12:05:16,68
2,2019-06-16 11:19:48,2019-06-16 12:35:40,235
2,2019-06-16 12:00:55,2019-06-16 13:45:59,290
1,2019-06-16 12:34:03,2019-06-16 12:52:33,97
2,2019-06-16 13:00:44,2019-06-16 14:46:57,314
1,2019-06-16 13:37:53,2019-06-16 14:20:56,122
2,2019-06-16 14:02:37,2019-06-17 14:25:37,428
1,2019-06-16 14:29:08,2019-06-16 15:00:09,186
1,2019-06-16 15:02:47,2019-06-16 16:15:23,150
2,2019-06-16 15:00:14,2019-06-17 15:06:50,474
2,2019-06-16 16:00:12,2019-06-16 17:52:46,442
1,2019-06-16 16:01:02,2019-06-16 17:33:31,175
1,2019-06-16 17:41:19,2019-06-16 18:22:38,148
2,2019-06-16 17:00:11,2019-06-16 18:54:35,453
2,2019-06-16 18:29:32,2019-06-16 19:46:33,357
1,2019-06-16 18:36:49,2019-06-16 19:15:03,96
2,2019-06-16 19:45:12,2019-06-16 20:45:32,321
1,2019-06-16 19:55:58,2019-06-16 20:29:46,83
2,2019-06-16 20:11:36,2019-06-16 21:44:15,402
1,2019-06-16 20:07:16,2019-06-16 21:32:06,87
2,2019-06-16 21:00:13,2019-06-16 22:53:36,374
1,2019-06-16 21:28:57,2019-06-16 22:44:39,79
2,2019-06-16 22:12:14,2019-06-16 23:21:42,251
1,2019-06-16 22:11:18,2019-06-16 23:28:00,58
2,2019-06-16 23:11:42,2019-06-17 00:28:52,302
1,2019-06-16 23:18:28,2019-06-16 23:40:03,57
1,2019-06-17 00:44:13,2019-06-17 01:13:48,33
2,2019-06-17 00:22:57,2019-06-17 01:22:53,196
1,2019-06-17 01:33:03,2019-06-17 01:56:27,27
2,2019-06-17 01:00:30,2019-06-17 01:33:20,122
1,2019-06-17 02:32:37,2019-06-17 02:37:17,14
2,2019-06-17 02:27:03,2019-06-17 02:31:01,41
2,2019-06-17 03:09:35,2019-06-17 03:50:15,4
1,2019-06-17 03:06:45,2019-06-17 04:10:32,6
2,2019-06-17 04:42:02,2019-06-17 05:22:40,40
1,2019-06-17 04:50:12,2019-06-17 05:22:44,14
1,2019-06-17 05:54:39,2019-06-17 06:13:59,31
2,2019-06-17 05:47:52,2019-06-17 05:53:13,153
1,2019-06-17 06:06:15,2019-06-17 06:54:51,55
2,2019-06-17 06:11:18,2019-06-17 07:34:05,194
2,2019-06-17 07:53:14,2019-06-17 08:50:45,170
1,2019-06-17 07:56:51,2019-06-17 09:02:55,72
1,2019-06-17 08:22:40,2019-06-17 08:52:16,46
2,2019-06-17 08:12:20,2019-06-17 09:24:14,156
1,2019-06-17 09:52:09,2019-06-17 10:32:59,51
2,2019-06-17 09:44:43,2019-06-17 10:58:46,126
1,2019-06-17 10:15:42,2019-06-17 11:58:46,54
2,2019-06-17 10:47:37,2019-06-17 11:46:50,139
2,2019-06-17 11:08:43,2019-06-17 12:41:13,193
1,2019-06-17 11:52:08,2019-06-17 11:57:08,88
2,2019-06-17 12:23:12,2019-06-17 14:01:46,245
1,2019-06-17 12:46:52,2019-06-17 13:34:22,86
2,2019-06-17 13:02:14,2019-06-17 14:58:46,365
1,2019-06-17 13:19:24,2019-06-17 14:26:11,87
1,2019-06-17 14:12:41,2019-06-17 16:01:50,162
2,2019-06-17 14:01:25,2019-06-17 16:10:53,416
2,2019-06-17 15:01:50,2019-06-17 16:57:55,335
1,2019-06-17 15:26:12,2019-06-17 16:45:00,137
2,2019-06-17 16:00:31,2019-06-17 17:45:33,408
1,2019-06-17 16:14:52,2019-06-17 17:29:02,135
2,2019-06-17 17:00:43,2019-06-17 18:50:59,415
1,2019-06-17 17:12:21,2019-06-17 18:28:31,167
4,2019-06-17 17:20:17,2019-06-17 18:44:36,3
2,2019-06-17 18:38:06,2019-06-17 19:18:48,305
1,2019-06-17 18:22:02,2019-06-17 19:16:09,99
2,2019-06-17 19:00:40,2019-06-17 19:54:24,219
1,2019-06-17 19:19:34,2019-06-17 20:22:27,75
2,2019-06-17 20:53:35,2019-06-17 21:33:47,261
1,2019-06-17 20:26:45,2019-06-17 21:10:14,79
2,2019-06-17 21:02:17,2019-06-17 22:27:23,248
1,2019-06-17 21:01:36,2019-06-17 22:03:50,61
2,2019-06-17 22:25:32,2019-06-17 22:58:55,180
1,2019-06-17 22:22:08,2019-06-17 23:15:37,47
1,2019-06-17 23:32:09,2019-06-18 00:07:54,38
2,2019-06-17 23:09:31,2019-06-17 23:50:15,117
1,2019-06-18 00:23:41,2019-06-18 00:55:04,36
2,2019-06-18 00:41:49,2019-06-18 00:57:43,135
1,2019-06-18 01:31:29,2019-06-18 01:27:23,19
2,2019-06-18 01:07:40,2019-06-18 02:07:45,87
2,2019-06-18 02:15:24,2019-06-18 02:42:43,24
1,2019-06-18 03:31:29,2019-06-18 04:25:56,8
2,2019-06-18 03:19:42,2019-06-18 03:47:25,3
2,2019-06-18 04:30:25,2019-06-18 05:24:39,33
1,2019-06-18 04:44:21,2019-06-18 04:54:14,5
2,2019-06-18 05:03:46,2019-06-18 06:32:08,61
1,2019-06-18 05:05:24,2019-06-18 06:17:34,35
2,2019-06-18 06:28:29,2019-06-18 07:13:44,132
1,2019-06-18 06:09:24,2019-06-18 07:26:44,41
2,2019-06-18 07:01:54,2019-06-18 07:50:06,176
1,2019-06-18 07:10:27,2019-06-18 09:26:08,63
1,2019-06-18 08:32:15,2019-06-18 09:32:33,48
2,2019-06-18 08:13:19,2019-06-18 09:12:31,133
1,2019-06-18 09:30:06,2019-06-18 09:43:10,39
2,2019-06-18 09:21:34,2019-06-18 11:01:55,134
1,2019-06-18 10:43:49,2019-06-18 11:40:31,44
2,2019-06-18 10:00:00,2019-06-18 12:08:26,174
1,2019-06-18 11:11:08,2019-06-18 12:35:23,69
2,2019-06-18 11:52:29,2019-06-18 13:09:14,172
1,2019-06-18 12:03:38,2019-06-18 13:50:39,92
2,2019-06-18 12:30:41,2019-06-19 11:48:38,201
2,2019-06-18 13:48:39,2019-06-18 15:33:38,274
1,2019-06-18 13:50:24,2019-06-18 14:02:51,91
1,2019-06-18 14:57:38,2019-06-18 15:41:21,113
2,2019-06-18 14:14:14,2019-06-18 16:25:54,304
2,2019-06-18 15:39:29,2019-06-18 16:00:02,259
1,2019-06-18 15:56:09,2019-06-18 16:46:43,117
1,2019-06-18 16:02:14,2019-06-18 17:42:38,118
2,2019-06-18 16:02:27,2019-06-18 18:17:18,324
1,2019-06-18 17:47:13,2019-06-18 19:03:16,140
2,2019-06-18 17:14:14,2019-06-19 17:05:16,298
1,2019-06-18 18:31:46,2019-06-18 19:10:12,78
2,2019-06-18 18:50:57,2019-06-19 18:14:21,257
2,2019-06-18 19:02:35,2019-06-18 20:39:51,179
1,2019-06-18 19:59:18,2019-06-18 20:17:53,81
2,2019-06-18 20:02:12,2019-06-18 20:49:01,234
1,2019-06-18 20:24:35,2019-06-18 21:21:12,107
2,2019-06-18 21:32:23,2019-06-18 22:29:47,159
1,2019-06-18 21:20:47,2019-06-18 21:50:24,62
1,2019-06-18 22:54:26,2019-06-18 23:27:42,39
2,2019-06-18 22:01:15,2019-06-18 23:29:02,196
2,2019-06-18 23:19:10,2019-06-18 23:37:27,169
1,2019-06-18 23:01:20,2019-06-18 23:56:58,24
2,2019-06-19 00:15:07,2019-06-19 01:32:45,136
1,2019-06-19 00:11:28,2019-06-19 01:05:26,26
2,2019-06-19 01:16:40,2019-06-19 02:31:00,79
1,2019-06-19 01:06:40,2019-06-19 01:48:53,14
1,2019-06-19 02:07:33,2019-06-19 02:43:36,6
2,2019-06-19 02:18:57,2019-06-19 03:15:23,6
2,2019-06-19 03:27:26,2019-06-19 04:12:07,22
1,2019-06-19 03:21:22,2019-06-19 03:55:50,7
1,2019-06-19 04:59:04,2019-06-19 05:08:22,10
2,2019-06-19 04:55:44,2019-06-19 04:36:19,22
2,2019-06-19 05:17:37,2019-06-20 05:28:17,131
1,2019-06-19 05:47:51,2019-06-19 05:30:45,34
2,2019-06-19 06:41:21,2019-06-19 06:56:54,189
1,2019-06-19 06:59:26,2019-06-19 07:36:18,46
1,2019-06-19 07:17:44,2019-06-19 08:36:39,33
2,2019-06-19 07:57:28,2019-06-19 08:19:13,149
2,2019-06-19 08:55:55,2019-06-19 09:33:32,155
1,2019-06-19 08:28:29,2019-06-19 10:06:33,59
2,2019-06-19 09:38:57,2019-06-20 09:05:22,118
1,2019-06-19 09:53:14,2019-06-19 10:35:58,24
2,2019-06-19 10:49:24,2019-06-20 09:58:34,138
1,2019-06-19 10:23:15,2019-06-19 11:39:03,50
1,2019-06-19 11:48:34,2019-06-19 12:05:53,47
2,2019-06-19 11:12:57,2019-06-19 12:55:44,140
2,2019-06-19 12:52:33,2019-06-19 13:42:58,231
1,2019-06-19 12:47:14,2019-06-19 14:01:22,82
2,2019-06-19 13:01:10,2019-06-19 14:56:34,254
1,2019-06-19 13:24:19,2019-06-19 14:56:39,90
2,2019-06-19 14:29:49,2019-06-19 16:10:21,258
1,2019-06-19 14:44:34,2019-06-19 15:42:20,92
2,2019-06-19 15:00:34,2019-06-19 15:25:34,302
1,2019-06-19 15:14:18,2019-06-19 15:46:51,137
2,2019-06-19 16:43:37,2019-06-19 18:23:01,376
1,2019-06-19 16:03:35,2019-06-19 17:35:07,119
1,2019-06-19 17:43:48,2019-06-19 19:00:41,147
2,2019-06-19 17:07:22,2019-06-19 19:36:41,389
2,2019-06-19 18:24:22,2019-06-19 19:46:57,255
1,2019-06-19 18:40:58,2019-06-19 20:01:39,134
2,2019-06-19 19:51:46,2019-06-19 19:00:39,194
1,2019-06-19 19:06:24,2019-06-19 20:14:38,74
2,2019-06-19 20:00:07,2019-06-19 21:06:55,251
1,2019-06-19 20:18:49,2019-06-19 21:14:37,77
1,2019-06-19 21:12:25,2019-06-19 22:17:59,68
2,2019-06-19 21:00:22,2019-06-19 22:34:33,223
2,2019-06-19 22:33:55,2019-06-19 23:18:03,188
1,2019-06-19 22:06:40,2019-06-19 23:16:20,51
2,2019-06-19 23:44:38,2019-06-20 00:25:50,137
1,2019-06-19 23:35:09,2019-06-20 00:07:47,26
2,2019-06-20 00:32:08,2019-06-20 01:15:53,169
1,2019-06-20 00:22:24,2019-06-20 01:10:10,50
2,2019-06-20 01:25:49,2019-06-20 02:07:09,248
1,2019-06-20 01:18:07,2019-06-20 02:12:17,57
2,2019-06-20 02:09:17,2019-06-20 03:15:03,37
1,2019-06-20 02:25:53,2019-06-20 02:54:29,2
2,2019-06-20 03:24:43,2019-06-20 04:00:50,30
2,2019-06-20 04:05:21,2019-06-21 04:29:50,30
1,2019-06-20 04:40:26,2019-06-20 05:24:12,11
2,2019-06-20 05:52:09,2019-06-21 05:18:45,124
1,2019-06-20 05:47:47,2019-06-20 05:41:43,26
1,2019-06-20 06:13:08,2019-06-20 08:01:32,57
2,2019-06-20 06:50:48,2019-06-20 08:13:17,158
1,2019-06-20 07:18:52,2019-06-20 08:16:31,55
2,2019-06-20 07:36:33,2019-06-21 06:50:47,181
2,2019-06-20 08:00:12,2019-06-20 09:31:20,151
1,2019-06-20 08:07:23,2019-06-20 09:43:59,36
1,2019-06-20 09:00:57,2019-06-20 10:16:37,62
2,2019-06-20 09:13:30,2019-06-21 09:19:08,121
2,2019-06-20 10:01:00,2019-06-20 11:52:34,166
1,2019-06-20 10:29:24,2019-06-20 11:37:29,46
1,2019-06-20 11:26:37,2019-06-20 12:52:15,89
2,2019-06-20 11:06:09,2019-06-20 12:54:21,207
1,2019-06-20 12:35:36,2019-06-20 13:00:14,86
2,2019-06-20 12:11:02,2019-06-20 13:00:06,220
1,2019-06-20 13:30:58,2019-06-20 14:25:30,138
2,2019-06-20 13:51:05,2019-06-20 13:40:57,293
2,2019-06-20 14:41:50,2019-06-20 15:21:16,438
1,2019-06-20 14:12:06,2019-06-20 15:51:01,177
2,2019-06-20 15:00:58,2019-06-20 17:29:24,328
1,2019-06-20 15:40:00,2019-06-20 17:03:28,114
2,2019-06-20 16:00:06,2019-06-20 17:02:10,400
1,2019-06-20 16:58:37,2019-06-20 17:51:49,126
2,2019-06-20 17:04:15,2019-06-20 18:55:32,325
1,2019-06-20 17:02:57,2019-06-20 19:05:59,126
1,2019-06-20 18:21:37,2019-06-20 19:48:53,109
2,2019-06-20 18:03:50,2019-06-20 20:01:22,326
2,2019-06-20 19:16:38,2019-06-20 20:33:50,276
1,2019-06-20 19:38:26,2019-06-20 20:36:29,97
1,2019-06-20 20:06:46,2019-06-20 21:09:50,100
2,2019-06-20 20:23:03,2019-06-20 21:56:28,232
1,2019-06-20 21:23:02,2019-06-20 22:13:46,113
2,2019-06-20 21:01:24,2019-06-20 22:54:49,312
2,2019-06-20 22:01:55,2019-06-20 23:17:42,242
1,2019-06-20 22:54:46,2019-06-20 22:51:05,60
2,2019-06-20 23:02:20,2019-06-21 00:42:54,183
1,2019-06-20 23:34:55,2019-06-21 00:13:51,43
2,2019-06-21 00:32:26,2019-06-21 01:23:34,155
1,2019-06-21 00:41:41,2019-06-21 00:43:20,56
2,2019-06-21 01:13:02,2019-06-21 01:44:28,178
1,2019-06-21 01:29:33,2019-06-21 01:41:29,39
1,2019-06-21 02:44:34,2019-06-21 03:21:34,9
2,2019-06-21 02:06:25,2019-06-21 03:17:20,54
1,2019-06-21 03:46:55,2019-06-21 04:17:39,4
2,2019-06-21 03:49:11,2019-06-21 03:43:10,14
2,2019-06-21 04:51:15,2019-06-21 05:19:59,63
1,2019-06-21 04:10:30,2019-06-21 05:28:22,18
2,2019-06-21 05:47:32,2019-06-22 05:55:19,157
1,2019-06-21 05:54:42,2019-06-21 06:14:03,24
1,2019-06-21 06:52:29,2019-06-21 07:07:21,57
2,2019-06-21 06:07:42,2019-06-22 05:53:21,194
1,2019-06-21 07:43:35,2019-06-21 07:38:39,70
2,2019-06-21 07:38:17,2019-06-21 08:08:44,150
1,2019-06-21 08:13:08,2019-06-21 09:29:43,82
2,2019-06-21 08:43:40,2019-06-21 09:49:39,258
1,2019-06-21 09:08:18,2019-06-21 10:06:46,55
2,2019-06-21 09:41:11,2019-06-21 10:40:23,149
1,2019-06-21 10:26:07,2019-06-21 11:44:28,81
2,2019-06-21 10:48:33,2019-06-21 11:06:28,187
2,2019-06-21 11:56:09,2019-06-21 12:48:12,220
1,2019-06-21 11:37:43,2019-06-21 12:38:01,73
1,2019-06-21 12:52:24,2019-06-21 12:54:32,127
2,2019-06-21 12:09:54,2019-06-21 13:41:16,232
1,2019-06-21 13:18:48,2019-06-21 14:50:29,78
2,2019-06-21 13:00:47,2019-06-21 15:03:03,295
1,2019-06-21 14:33:25,2019-06-21 15:01:07,117
2,2019-06-21 14:00:16,2019-06-21 16:24:52,395
2,2019-06-21 15:00:56,2019-06-21 16:58:49,331
1,2019-06-21 15:38:40,2019-06-21 17:15:45,135
2,2019-06-21 16:36:27,2019-06-21 18:29:31,424
1,2019-06-21 16:27:10,2019-06-21 17:49:12,184
1,2019-06-21 17:17:33,2019-06-21 18:54:05,163
2,2019-06-21 17:34:18,2019-06-21 19:10:55,288
2,2019-06-21 18:54:40,2019-06-21 20:00:41,293
1,2019-06-21 18:28:45,2019-06-21 19:05:28,115
1,2019-06-21 19:08:02,2019-06-21 20:04:32,103
2,2019-06-21 19:15:44,2019-06-21 20:51:43,283
4,2019-06-21 19:23:03,2019-06-21 20:34:32,2
2,2019-06-21 20:29:03,2019-06-21 21:47:07,233
1,2019-06-21 20:35:50,2019-06-21 20:56:54,80
1,2019-06-21 21:03:17,2019-06-21 21:50:25,76
2,2019-06-21 21:57:06,2019-06-21 22:47:35,246
1,2019-06-21 22:14:12,2019-06-21 23:43:59,120
2,2019-06-21 22:34:53,2019-06-21 23:54:05,289
2,2019-06-21 23:01:19,2019-06-22 00:33:40,212
1,2019-06-21 23:50:26,2019-06-21 23:56:46,61
2,2019-06-22 00:03:51,2019-06-22 01:14:17,140
1,2019-06-22 00:03:47,2019-06-22 00:53:42,46
2,2019-06-22 01:00:51,2019-06-22 01:07:17,62
1,2019-06-22 01:03:03,2019-06-22 01:42:23,16
2,2019-06-22 02:05:09,2019-06-22 02:06:17,21
1,2019-06-22 03:01:20,2019-06-22 04:26:29,8
2,2019-06-22 03:05:41,2019-06-22 03:49:10,18
2,2019-06-22 04:49:25,2019-06-22 05:14:15,103
1,2019-06-22 04:35:03,2019-06-22 05:22:27,15
2,2019-06-22 05:51:26,2019-06-22 06:39:37,108
1,2019-06-22 05:22:52,2019-06-22 06:38:28,37
2,2019-06-22 06:00:27,2019-06-23 06:52:26,174
1,2019-06-22 06:43:01,2019-06-22 07:04:39,66
2,2019-06-22 07:06:59,2019-06-22 08:47:02,105
1,2019-06-22 07:25:05,2019-06-22 07:58:52,33
1,2019-06-22 08:40:39,2019-06-22 08:34:07,50
2,2019-06-22 08:49:49,2019-06-22 09:27:24,127
1,2019-06-22 09:24:48,2019-06-22 09:14:15,27
2,2019-06-22 09:00:43,2019-06-22 10:31:50,103
2,2019-06-22 10:01:59,2019-06-22 10:54:10,117
1,2019-06-22 10:16:50,2019-06-22 11:19:50,51
1,2019-06-22 11:31:37,2019-06-22 12:43:57,59
2,2019-06-22 11:40:06,2019-06-22 11:33:15,217
2,2019-06-22 12:01:54,2019-06-22 13:46:13,189
1,2019-06-22 12:38:56,2019-06-22 13:31:37,89
2,2019-06-22 13:03:05,2019-06-22 14:46:07,343
1,2019-06-22 13:10:36,2019-06-22 14:32:39,79
2,2019-06-22 14:03:25,2019-06-22 15:58:50,381
1,2019-06-22 14:39:25,2019-06-22 15:14:58,143
1,2019-06-22 15:26:43,2019-06-22 16:51:26,170
2,2019-06-22 15:42:29,2019-06-22 16:37:54,387
2,2019-06-22 16:03:41,2019-06-22 17:52:08,361
1,2019-06-22 16:09:51,2019-06-22 17:22:06,144
2,2019-06-22 17:01:08,2019-06-22 19:01:48,378
1,2019-06-22 17:52:57,2019-06-22 18:19:57,153
2,2019-06-22 18:12:07,2019-06-22 19:48:09,281
1,2019-06-22 18:47:31,2019-06-22 19:23:53,116
2,2019-06-22 19:00:12,2019-06-22 20:45:13,231
1,2019-06-22 19:15:20,2019-06-22 20:34:43,109
2,2019-06-22 20:09:56,2019-06-22 21:19:18,359
1,2019-06-22 20:20:42,2019-06-22 21:17:31,111
2,2019-06-22 21:00:34,2019-06-22 22:23:56,196
1,2019-06-22 21:29:06,2019-06-22 22:15:11,80
2,2019-06-22 22:24:20,2019-06-22 23:16:08,185
1,2019-06-22 22:42:31,2019-06-22 22:48:26,37
1,2019-06-22 23:14:46,2019-06-22 23:40:30,65
2,2019-06-22 23:04:52,2019-06-23 00:23:05,161
1,2019-06-23 00:19:16,2019-06-23 01:18:49,28
2,2019-06-23 00:44:34,2019-06-23 01:36:15,56
2,2019-06-23 01:00:15,2019-06-23 02:48:42,49
1,2019-06-23 01:03:02,2019-06-23 01:57:50,14
1,2019-06-23 02:11:19,2019-06-23 02:35:00,2
2,2019-06-23 02:33:35,2019-06-23 03:22:47,14
2,2019-06-23 03:39:28,2019-06-23 04:22:19,19
1,2019-06-23 03:48:16,2019-06-23 03:51:45,4
1,2019-06-23 04:34:39,2019-06-23 05:00:52,23
2,2019-06-23 04:37:16,2019-06-23 04:32:46,74
1,2019-06-23 05:39:41,2019-06-23 05:30:26,49
2,2019-06-23 05:53:06,2019-06-23 06:21:45,150
2,2019-06-23 06:05:39,2019-06-23 07:12:51,187
1,2019-06-23 06:16:12,2019-06-23 06:52:42,50
2,2019-06-23 07:15:53,2019-06-23 07:33:12,138
1,2019-06-23 07:36:34,2019-06-23 08:12:54,68
2,2019-06-23 08:40:04,2019-06-23 09:12:01,124
1,2019-06-23 08:31:56,2019-06-23 08:51:16,48
1,2019-06-23 09:20:39,2019-06-23 09:16:11,44
2,2019-06-23 09:17:33,2019-06-23 10:33:02,119
1,2019-06-23 10:34:03,2019-06-23 11:30:19,50
2,2019-06-23 10:50:02,2019-06-23 10:54:00,197
2,2019-06-23 11:44:18,2019-06-24 11:00:43,216
1,2019-06-23 11:22:09,2019-06-23 12:12:16,64
1,2019-06-23 12:07:54,2019-06-23 13:26:34,91
2,2019-06-23 12:49:36,2019-06-23 13:54:02,270
1,2019-06-23 13:23:31,2019-06-23 14:31:37,91
2,2019-06-23 13:20:42,2019-06-23 14:59:04,306
2,2019-06-23 14:00:13,2019-06-23 14:20:03,413
1,2019-06-23 14:18:15,2019-06-23 15:34:20,203
4,2019-06-23 15:27:05,2019-06-23 16:20:14,2
2,2019-06-23 15:59:16,2019-06-23 17:00:20,477
1,2019-06-23 15:57:40,2019-06-23 16:52:17,190
1,2019-06-23 16:21:46,2019-06-23 17:27:19,149
2,2019-06-23 16:12:42,2019-06-23 17:46:52,385
2,2019-06-23 17:09:45,2019-06-23 18:32:00,445
1,2019-06-23 17:42:41,2019-06-23 18:58:04,148
1,2019-06-23 18:26:08,2019-06-23 19:46:57,95
2,2019-06-23 18:07:43,2019-06-23 19:17:54,371
1,2019-06-23 19:24:12,2019-06-23 20:26:53,112
2,2019-06-23 19:41:26,2019-06-23 20:31:29,286
2,2019-06-23 20:05:48,2019-06-23 21:59:14,331
1,2019-06-23 20:32:38,2019-06-23 20:54:46,83
1,2019-06-23 21:13:41,2019-06-23 22:13:16,63
2,2019-06-23 21:09:18,2019-06-23 22:45:09,294
1,2019-06-23 22:46:33,2019-06-23 23:42:48,65
2,2019-06-23 22:36:44,2019-06-24 00:12:35,233
1,2019-06-23 23:06:56,2019-06-24 00:21:48,76
2,2019-06-23 23:10:39,2019-06-24 00:38:30,244
1,2019-06-24 00:23:23,2019-06-24 00:46:03,40
2,2019-06-24 00:05:08,2019-06-24 00:58:51,156
2,2019-06-24 01:04:24,2019-06-24 01:00:40,98
1,2019-06-24 01:30:10,2019-06-24 01:43:13,20
1,2019-06-24 02:05:15,2019-06-24 02:33:12,5
2,2019-06-24 02:07:52,2019-06-24 03:19:56,14
2,2019-06-24 03:42:20,2019-06-24 04:12:47,6
1,2019-06-24 03:23:48,2019-06-24 03:58:09,8
2,2019-06-24 04:33:40,2019-06-24 05:14:40,53
1,2019-06-24 04:31:10,2019-06-24 04:39:23,21
2,2019-06-24 05:51:57,2019-06-24 06:09:37,133
1,2019-06-24 05:24:50,2019-06-24 06:05:52,51
2,2019-06-24 06:33:39,2019-06-24 07:36:04,209
1,2019-06-24 06:23:52,2019-06-24 06:52:07,46
1,2019-06-24 07:28:05,2019-06-24 08:44:05,33
2,2019-06-24 07:52:27,2019-06-25 07:03:48,193
2,2019-06-24 08:02:47,2019-06-24 09:02:51,124
1,2019-06-24 08:13:05,2019-06-24 09:06:16,51
1,2019-06-24 09:56:28,2019-06-24 10:45:17,32
2,2019-06-24 09:00:25,2019-06-24 10:18:35,135
1,2019-06-24 10:02:13,2019-06-24 11:23:12,50
2,2019-06-24 10:14:44,2019-06-24 10:42:08,167
1,2019-06-24 11:38:32,2019-06-24 13:12:16,66
2,2019-06-24 11:00:50,2019-06-24 12:48:22,197
1,2019-06-24 12:54:12,2019-06-24 13:45:03,111
2,2019-06-24 12:30:47,2019-06-24 13:59:57,256
1,2019-06-24 13:18:52,2019-06-24 14:18:05,136
2,2019-06-24 13:00:02,2019-06-24 14:56:46,305
2,2019-06-24 14:29:00,2019-06-24 16:18:05,436
1,2019-06-24 14:36:03,2019-06-24 15:42:22,161
2,2019-06-24 15:32:03,2019-06-24 17:12:16,362
1,2019-06-24 15:37:31,2019-06-24 16:48:05,171
1,2019-06-24 16:27:48,2019-06-24 17:50:38,168
2,2019-06-24 16:24:00,2019-06-24 18:12:49,494
1,2019-06-24 17:15:16,2019-06-24 18:27:49,130
2,2019-06-24 17:32:51,2019-06-25 17:09:01,339
1,2019-06-24 18:42:07,2019-06-24 19:46:05,147
2,2019-06-24 18:39:47,2019-06-24 19:48:12,307
1,2019-06-24 19:07:47,2019-06-24 19:52:07,88
2,2019-06-24 19:33:43,2019-06-24 20:42:28,241
2,2019-06-24 20:00:17,2019-06-24 21:32:55,314
1,2019-06-24 20:43:04,2019-06-24 20:50:10,73
4,2019-06-24 20:45:51,2019-06-24 21:26:32,2
2,2019-06-24 21:04:27,2019-06-24 22:10:18,242
1,2019-06-24 21:23:32,2019-06-24 22:15:03,70
2,2019-06-24 22:59:13,2019-06-24 23:29:07,140
1,2019-06-24 22:50:26,2019-06-24 22:31:49,39
1,2019-06-24 23:07:34,2019-06-24 23:36:57,34
2,2019-06-24 23:00:23,2019-06-25 00:15:11,168
2,2019-06-25 00:21:08,2019-06-25 01:31:20,111
1,2019-06-25 00:55:45,2019-06-25 01:06:44,34
2,2019-06-25 01:22:38,2019-06-25 01:35:27,41
1,2019-06-25 01:09:59,2019-06-25 02:20:56,14
2,2019-06-25 02:47:31,2019-06-25 03:01:27,21
2,2019-06-25 03:19:40,2019-06-25 03:19:48,12
1,2019-06-25 03:58:16,2019-06-25 03:45:32,4
2,2019-06-25 04:07:59,2019-06-25 05:16:06,36
1,2019-06-25 04:19:20,2019-06-25 04:38:46,4
1,2019-06-25 05:50:15,2019-06-25 06:20:47,29
2,2019-06-25 05:49:27,2019-06-25 06:57:15,94
1,2019-06-25 06:32:32,2019-06-25 07:17:03,44
2,2019-06-25 06:40:16,2019-06-25 06:44:32,130
1,2019-06-25 07:51:20,2019-06-25 08:26:38,47
2,2019-06-25 07:18:09,2019-06-25 08:15:38,137
1,2019-06-25 08:22:00,2019-06-25 09:19:49,29
2,2019-06-25 08:32:38,2019-06-25 09:56:56,128
2,2019-06-25 09:13:17,2019-06-25 09:42:43,90
1,2019-06-25 09:05:21,2019-06-25 09:36:35,49
2,2019-06-25 10:29:49,2019-06-25 12:14:34,160
1,2019-06-25 10:56:14,2019-06-25 11:03:26,31
1,2019-06-25 11:40:29,2019-06-25 12:13:47,62
2,2019-06-25 11:02:36,2019-06-25 13:04:10,260
1,2019-06-25 12:22:19,2019-06-25 13:06:59,114
2,2019-06-25 12:48:23,2019-06-25 12:47:46,251
1,2019-06-25 13:19:25,2019-06-25 14:14:00,105
2,2019-06-25 13:25:49,2019-06-25 15:02:28,274
1,2019-06-25 14:52:31,2019-06-25 15:26:29,151
2,2019-06-25 14:05:11,2019-06-25 15:48:07,410
2,2019-06-25 15:13:32,2019-06-25 16:42:40,297
1,2019-06-25 15:24:47,2019-06-25 16:09:34,150
2,2019-06-25 16:00:10,2019-06-25 16:59:37,453
1,2019-06-25 16:10:57,2019-06-25 17:46:24,185
2,2019-06-25 17:00:03,2019-06-25 19:00:46,385
1,2019-06-25 17:11:07,2019-06-25 19:00:08,144
1,2019-06-25 18:34:55,2019-06-25 19:35:43,122
2,2019-06-25 18:20:13,2019-06-25 18:56:43,353
2,2019-06-25 19:06:37,2019-06-25 20:23:41,260
1,2019-06-25 19:35:03,2019-06-25 19:47:35,106
2,2019-06-25 20:05:03,2019-06-25 21:51:02,249
1,2019-06-25 20:42:38,2019-06-25 21:07:03,77
1,2019-06-25 21:01:40,2019-06-25 22:17:10,47
2,2019-06-25 21:34:09,2019-06-25 22:30:11,218
2,2019-06-25 22:12:54,2019-06-25 23:35:15,173
1,2019-06-25 22:47:15,2019-06-25 22:45:04,43
2,2019-06-25 23:01:36,2019-06-26 00:24:51,114
1,2019-06-25 23:49:15,2019-06-25 23:54:43,31
2,2019-06-26 00:06:38,2019-06-26 00:54:45,65
1,2019-06-26 00:33:44,2019-06-26 01:00:51,18
1,2019-06-26 01:00:05,2019-06-26 01:42:56,19
2,2019-06-26 01:01:54,2019-06-26 02:20:37,86
2,2019-06-26 02:12:27,2019-06-26 02:27:08,12
1,2019-06-26 02:08:31,2019-06-26 02:29:33,4
1,2019-06-26 03:49:11,2019-06-26 04:08:51,10
2,2019-06-26 03:14:25,2019-06-26 03:53:54,30
2,2019-06-26 04:51:20,2019-06-26 04:31:43,53
1,2019-06-26 04:22:37,2019-06-26 05:23:58,6
2,2019-06-26 05:59:00,2019-06-26 06:30:38,155
1,2019-06-26 05:51:23,2019-06-26 06:41:35,37
2,2019-06-26 06:26:26,2019-06-26 08:11:46,148
1,2019-06-26 06:11:31,2019-06-26 07:09:38,39
2,2019-06-26 07:42:08,2019-06-26 07:26:42,173
1,2019-06-26 07:00:23,2019-06-26 09:14:40,36
2,2019-06-26 08:35:45,2019-06-26 08:29:36,137
1,2019-06-26 08:00:33,2019-06-26 08:44:45,33
2,2019-06-26 09:10:07,2019-06-27 09:22:08,112
1,2019-06-26 09:51:27,2019-06-26 11:01:18,43
2,2019-06-26 10:13:57,2019-06-26 10:57:49,153
1,2019-06-26 10:57:56,2019-06-26 11:37:26,33
2,2019-06-26 11:08:28,2019-06-26 12:56:16,177
1,2019-06-26 11:58:04,2019-06-26 11:43:39,51
1,2019-06-26 12:53:57,2019-06-26 12:28:02,82
2,2019-06-26 12:54:17,2019-06-26 13:48:17,224
2,2019-06-26 13:44:39,2019-06-26 15:19:17,243
1,2019-06-26 13:52:33,2019-06-26 14:34:26,63
2,2019-06-26 14:01:11,2019-06-27 14:53:43,318
1,2019-06-26 14:57:57,2019-06-26 15:39:33,152
1,2019-06-26 15:57:07,2019-06-26 16:13:10,123
2,2019-06-26 15:01:24,2019-06-27 15:31:13,362
2,2019-06-26 16:01:05,2019-06-26 17:27:37,390
1,2019-06-26 16:08:43,2019-06-26 17:09:49,189
2,2019-06-26 17:00:21,2019-06-26 19:04:55,392
1,2019-06-26 17:44:42,2019-06-26 18:56:20,167
1,2019-06-26 18:08:38,2019-06-26 19:56:11,132
2,2019-06-26 18:14:22,2019-06-26 19:31:24,356
1,2019-06-26 19:11:27,2019-06-26 20:42:37,56
2,2019-06-26 19:11:44,2019-06-26 20:01:10,208
2,2019-06-26 20:44:09,2019-06-26 21:51:37,247
1,2019-06-26 20:28:19,2019-06-26 21:23:22,104
1,2019-06-26 21:35:53,2019-06-26 22:10:50,101
2,2019-06-26 21:03:26,2019-06-26 22:59:39,261
1,2019-06-26 22:20:49,2019-06-26 23:31:21,47
2,2019-06-26 22:03:07,2019-06-26 23:32:27,206
1,2019-06-26 23:37:21,2019-06-27 00:02:19,46
2,2019-06-26 23:23:03,2019-06-27 00:16:42,147
2,2019-06-27 00:51:25,2019-06-27 01:23:08,144
1,2019-06-27 00:50:35,2019-06-27 01:07:04,23
2,2019-06-27 01:16:13,2019-06-27 01:26:14,52
1,2019-06-27 01:58:49,2019-06-27 01:27:47,9
1,2019-06-27 02:11:10,2019-06-27 02:57:42,4
2,2019-06-27 02:37:47,2019-06-27 03:10:49,9
1,2019-06-27 03:00:41,2019-06-27 04:14:54,9
2,2019-06-27 03:12:07,2019-06-27 03:46:42,13
2,2019-06-27 04:53:30,2019-06-27 04:50:14,29
1,2019-06-27 05:29:41,2019-06-27 05:30:08,25
2,2019-06-27 05:36:49,2019-06-27 05:26:11,100
2,2019-06-27 06:17:51,2019-06-27 06:57:53,175
1,2019-06-27 06:51:47,2019-06-27 08:18:19,69
1,2019-06-27 07:15:51,2019-06-27 08:18:56,62
2,2019-06-27 07:55:02,2019-06-27 08:44:48,121
1,2019-06-27 08:32:23,2019-06-27 09:34:02,58
2,2019-06-27 08:25:31,2019-06-27 09:09:34,143
2,2019-06-27 09:30:41,2019-06-27 11:00:35,160
1,2019-06-27 09:51:49,2019-06-27 11:48:14,54
1,2019-06-27 10:20:12,2019-06-27 11:15:13,83
2,2019-06-27 10:25:30,2019-06-27 11:54:47,176
4,2019-06-27 10:34:49,2019-06-27 11:28:41,2
1,2019-06-27 11:28:31,2019-06-27 12:48:26,76
2,2019-06-27 11:22:58,2019-06-27 12:30:33,180
1,2019-06-27 12:05:39,2019-06-27 15:39:21,76
2,2019-06-27 12:54:31,2019-06-27 13:57:47,289
2,2019-06-27 13:00:07,2019-06-27 14:35:52,237
1,2019-06-27 13:58:09,2019-06-27 13:22:40,97
2,2019-06-27 14:17:30,2019-06-27 14:13:20,378
1,2019-06-27 14:30:39,2019-06-27 15:58:36,140
2,2019-06-27 15:15:59,2019-06-27 17:19:17,330
1,2019-06-27 15:43:17,2019-06-27 16:02:52,152
1,2019-06-27 16:38:53,2019-06-27 17:57:35,151
2,2019-06-27 16:01:21,2019-06-27 18:31:26,444
2,2019-06-27 17:09:08,2019-06-27 19:24:38,302
1,2019-06-27 17:31:33,2019-06-27 18:50:29,129
1,2019-06-27 18:31:02,2019-06-27 19:19:08,125
2,2019-06-27 18:00:40,2019-06-27 20:05:32,339
2,2019-06-27 19:51:22,2019-06-27 21:05:16,308
1,2019-06-27 19:13:34,2019-06-27 20:23:38,110
4,2019-06-27 20:37:09,2019-06-27 21:37:49,2
2,2019-06-27 20:08:35,2019-06-27 21:43:57,215
1,2019-06-27 20:50:19,2019-06-27 21:17:48,87
2,2019-06-27 21:44:00,2019-06-27 22:41:01,261
1,2019-06-27 21:28:19,2019-06-27 22:10:44,86
2,2019-06-27 22:05:05,2019-06-28 00:19:21,280
1,2019-06-27 22:12:09,2019-06-27 23:26:37,84
1,2019-06-27 23:41:34,2019-06-27 23:41:38,23
2,2019-06-27 23:02:11,2019-06-28 00:36:10,215
1,2019-06-28 00:09:18,2019-06-28 01:17:45,57
2,2019-06-28 00:03:41,2019-06-28 00:59:08,177
2,2019-06-28 01:15:17,2019-06-28 02:24:39,123
1,2019-06-28 01:57:24,2019-06-28 01:39:58,20
2,2019-06-28 02:04:42,2019-06-28 03:01:48,15
1,2019-06-28 02:10:19,2019-06-28 02:31:02,9
1,2019-06-28 03:09:14,2019-06-28 03:31:36,2
2,2019-06-28 03:29:16,2019-06-28 03:31:59,10
1,2019-06-28 04:57:01,2019-06-28 04:54:39,10
2,2019-06-28 04:08:32,2019-06-28 05:25:42,57
2,2019-06-28 05:16:40,2019-06-28 06:02:40,181
1,2019-06-28 05:13:32,2019-06-28 06:44:16,47
1,2019-06-28 06:55:27,2019-06-28 07:47:58,77
2,2019-06-28 06:22:26,2019-06-28 07:48:29,171
2,2019-06-28 07:25:18,2019-06-28 08:44:40,161
1,2019-06-28 07:05:06,2019-06-28 08:14:06,54
1,2019-06-28 08:08:48,2019-06-28 09:57:07,46
2,2019-06-28 08:48:47,2019-06-28 10:03:05,217
2,2019-06-28 09:09:39,2019-06-28 10:44:12,113
1,2019-06-28 09:03:54,2019-06-28 10:26:20,36
2,2019-06-28 10:49:02,2019-06-28 11:42:21,178
1,2019-06-28 10:31:05,2019-06-28 12:00:16,53
2,2019-06-28 11:07:26,2019-06-28 13:01:29,163
1,2019-06-28 11:59:49,2019-06-28 12:26:24,94
1,2019-06-28 12:26:09,2019-06-28 13:57:27,71
2,2019-06-28 12:48:49,2019-06-28 13:28:52,200
4,2019-06-28 12:47:41,2019-06-28 13:40:39,2
1,2019-06-28 13:53:32,2019-06-28 14:30:13,138
2,2019-06-28 13:19:10,2019-06-28 14:45:47,342
1,2019-06-28 14:47:10,2019-06-28 15:08:42,169
2,2019-06-28 14:01:40,2019-06-28 15:51:51,362
1,2019-06-28 15:29:07,2019-06-28 16:42:08,102
2,2019-06-28 15:51:01,2019-06-28 15:58:19,285
2,2019-06-28 16:00:24,2019-06-28 17:57:13,414
1,2019-06-28 16:50:39,2019-06-28 17:48:54,162
2,2019-06-28 17:57:43,2019-06-28 19:07:28,358
1,2019-06-28 17:13:27,2019-06-28 19:06:26,145
1,2019-06-28 18:15:29,2019-06-28 19:03:49,94
2,2019-06-28 18:04:28,2019-06-28 19:44:18,222
1,2019-06-28 19:47:08,2019-06-28 20:24:04,126
4,2019-06-28 19:02:46,2019-06-28 19:38:48,3
2,2019-06-28 19:14:20,2019-06-28 20:36:40,262
2,2019-06-28 20:55:24,2019-06-28 21:53:32,217
1,2019-06-28 20:57:26,2019-06-28 21:31:17,75
1,2019-06-28 21:37:02,2019-06-28 21:51:28,128
2,2019-06-28 21:00:03,2019-06-28 22:32:04,243
1,2019-06-28 22:15:54,2019-06-28 22:47:26,64
2,2019-06-28 22:44:50,2019-06-28 23:26:13,172
2,2019-06-28 23:00:25,2019-06-28 23:58:37,190
1,2019-06-28 23:26:28,2019-06-29 00:01:25,59
1,2019-06-29 00:41:05,2019-06-29 01:18:40,52
2,2019-06-29 00:16:14,2019-06-29 01:23:28,142
2,2019-06-29 01:00:59,2019-06-29 02:00:13,32
1,2019-06-29 01:07:06,2019-06-29 02:08:25,14
1,2019-06-29 02:41:47,2019-06-29 03:12:07,3
2,2019-06-29 02:31:44,2019-06-29 03:12:02,16
2,2019-06-29 03:18:56,2019-06-29 04:28:55,9
1,2019-06-29 04:35:29,2019-06-29 05:02:17,19
2,2019-06-29 04:48:00,2019-06-29 05:20:58,23
2,2019-06-29 05:13:38,2019-06-29 06:28:52,88
1,2019-06-29 05:44:03,2019-06-29 05:52:29,30
2,2019-06-29 06:09:21,2019-06-29 07:20:05,164
1,2019-06-29 06:43:55,2019-06-29 06:29:31,36
1,2019-06-29 07:12:14,2019-06-29 08:20:11,27
2,2019-06-29 07:00:06,2019-06-29 08:08:23,129
2,2019-06-29 08:04:55,2019-06-29 09:32:00,152
1,2019-06-29 08:47:46,2019-06-29 09:27:36,28
2,2019-06-29 09:29:13,2019-06-30 09:49:15,91
1,2019-06-29 09:39:46,2019-06-29 09:47:36,28
2,2019-06-29 10:04:17,2019-06-29 10:23:52,122
1,2019-06-29 10:55:04,2019-06-29 11:29:34,62
1,2019-06-29 11:37:40,2019-06-29 12:29:29,42
2,2019-06-29 11:27:53,2019-06-29 12:58:20,160
2,2019-06-29 12:01:20,2019-06-29 12:33:02,170
1,2019-06-29 12:28:45,2019-06-29 13:49:36,67
1,2019-06-29 13:49:34,2019-06-29 14:33:21,102
2,2019-06-29 13:52:52,2019-06-29 14:49:23,238
1,2019-06-29 14:32:09,2019-06-29 15:21:28,126
2,2019-06-29 14:00:28,2019-06-29 15:23:35,295
2,2019-06-29 15:02:42,2019-06-29 16:54:44,345
1,2019-06-29 15:07:37,2019-06-29 16:40:36,149
1,2019-06-29 16:04:42,2019-06-29 18:01:56,127
2,2019-06-29 16:23:39,2019-06-29 18:05:12,174
2,2019-06-29 17:39:31,2019-06-29 19:23:52,256
1,2019-06-29 17:20:11,2019-06-29 18:56:06,108
2,2019-06-29 18:00:19,2019-06-29 19:41:36,225
1,2019-06-29 18:35:34,2019-06-29 19:27:08,82
2,2019-06-29 19:15:20,2019-06-29 20:52:08,178
1,2019-06-29 19:00:55,2019-06-29 20:14:25,129
2,2019-06-29 20:04:23,2019-06-29 21:46:20,207
1,2019-06-29 20:27:34,2019-06-29 21:23:40,88
2,2019-06-29 21:09:08,2019-06-30 21:06:21,229
1,2019-06-29 21:43:05,2019-06-29 22:03:50,75
2,2019-06-29 22:08:20,2019-06-29 23:39:31,182
1,2019-06-29 22:44:28,2019-06-29 23:11:22,80
1,2019-06-29 23:31:07,2019-06-30 00:38:20,67
2,2019-06-29 23:13:57,2019-06-30 00:33:29,127
2,2019-06-30 00:58:38,2019-06-30 01:23:42,127
1,2019-06-30 00:17:12,2019-06-30 00:41:44,75
2,2019-06-30 01:24:11,2019-06-30 02:29:30,153
1,2019-06-30 01:52:41,2019-06-30 02:19:46,49
1,2019-06-30 02:13:05,2019-06-30 02:44:26,18
2,2019-06-30 02:06:15,2019-06-30 03:18:59,48
1,2019-06-30 03:38:50,2019-06-30 03:24:42,6
2,2019-06-30 03:04:30,2019-06-30 03:37:38,27
2,2019-06-30 04:21:08,2019-06-30 05:01:43,65
1,2019-06-30 04:33:31,2019-06-30 04:59:43,28
2,2019-06-30 05:13:12,2019-06-30 05:51:54,68
1,2019-06-30 05:36:39,2019-06-30 05:28:06,35
1,2019-06-30 06:12:00,2019-06-30 07:20:31,51
2,2019-06-30 06:59:50,2019-06-30 06:44:23,107
1,2019-06-30 07:27:35,2019-06-30 07:44:41,52
2,2019-06-30 07:43:43,2019-06-30 07:24:12,116
2,2019-06-30 08:52:55,2019-06-30 08:17:48,166
1,2019-06-30 08:50:47,2019-06-30 08:47:13,23
2,2019-06-30 09:01:21,2019-06-30 10:25:08,120
1,2019-06-30 09:27:48,2019-06-30 10:03:30,30
2,2019-06-30 10:11:49,2019-06-30 11:34:02,123
1,2019-06-30 10:31:11,2019-06-30 10:00:20,44
1,2019-06-30 11:53:59,2019-06-30 12:44:02,54
2,2019-06-30 11:00:49,2019-06-30 12:27:55,252
1,2019-06-30 12:10:57,2019-06-30 13:10:56,87
2,2019-06-30 12:19:28,2019-06-30 14:16:29,213
2,2019-06-30 13:00:15,2019-06-30 15:19:08,308
1,2019-06-30 13:05:40,2019-06-30 13:45:46,114
2,2019-06-30 14:23:37,2019-06-30 15:56:59,301
1,2019-06-30 14:14:11,2019-06-30 15:38:21,143
2,2019-06-30 15:00:36,2019-06-30 16:52:12,385
1,2019-06-30 15:36:26,2019-06-30 16:15:18,176
2,2019-06-30 16:00:29,2019-07-01 16:45:40,339
1,2019-06-30 16:24:55,2019-06-30 17:34:40,125
2,2019-06-30 17:44:40,2019-06-30 18:29:02,429
1,2019-06-30 17:44:32,2019-06-30 17:54:02,133
2,2019-06-30 18:02:53,2019-07-01 17:40:24,375
1,2019-06-30 18:57:52,2019-06-30 19:37:04,112
1,2019-06-30 19:09:33,2019-06-30 20:40:24,144
2,2019-06-30 19:14:08,2019-06-30 20:48:22,243
2,2019-06-30 20:02:00,2019-06-30 20:15:51,318
1,2019-06-30 20:05:16,2019-06-30 21:26:07,78
2,2019-06-30 21:29:35,2019-06-30 23:00:07,277
1,2019-06-30 21:30:57,2019-06-30 22:39:17,76
2,2019-06-30 22:35:30,2019-06-30 23:28:41,174
1,2019-06-30 22:25:05,2019-06-30 22:51:55,68
1,2019-06-30 23:35:29,2019-07-01 00:22:24,72
2,2019-06-30 23:25:29,2019-07-01 00:02:50,209
